background_id,event_date,end_date,org_id,title,regime_type,head_of_state,head_of_government,lead_governing_entity_id,coalition_entity_ids,supporting_entity_ids,government_type,accession_basis,end_reason,description,india_relations,date_precision,source_id,source_excerpt,show_label,label_position
bg_1949_rana,1949-04-22,1951-02-18,political_background,拉纳政府末期,拉纳寡头统治,特里布文国王,莫汉·谢尔·忠格·巴哈杜尔·拉纳,entity_rana_regime,,,世袭首相政府,拉纳家族世袭掌权,德里协议后组成联合内阁,拉纳首相掌握政府实权而国王权力受限。,反拉纳力量以印度为重要活动地；印度主持王室、拉纳派与大会党谈判。,mixed,WTY-P27;WTY-P28,1949年尼共筹建者提出推翻拉纳独裁；1951年政治斗争终结拉纳家族长期统治。,yes,middle right
bg_1951_mohan_coalition,1951-02-18,1951-11-16,political_background,莫汉·谢尔联合内阁,君主制下过渡联合政府,特里布文国王,莫汉·谢尔·忠格·巴哈杜尔·拉纳,entity_rana_regime,entity_nepali_congress,,拉纳派—大会党联合内阁,德里协议与王室任命,莫汉·谢尔辞职,拉纳派与大会党人数大体相等；比·普·柯伊拉腊任内政大臣。,联合内阁源于印度斡旋的德里协议。,day,WTY-P27;WTY-P28,德里协议后的联合内阁仍由莫汉·谢尔任首相；大会党进入政府。,no,middle right
bg_1951_matrika_i,1951-11-16,1952-08-14,political_background,马·普·柯伊拉腊第一次内阁,君主立宪过渡期,特里布文国王,马特里卡·普拉萨德·柯伊拉腊,entity_nepali_congress,,,大会党政府,国王任命,党内冲突与内阁辞职,大会党首次由本党领袖组阁。,政权更替仍处于德里协议形成的印度影响框架内。,day,WTY-P27;WTY-P29;NPL-OPM-FORMER-PM,1951年11月16日马·普·柯伊拉腊任首相；大会党首次执政。,yes,middle right
bg_1952_tribhuvan_direct,1952-08-14,1953-06-15,political_background,特里布文国王直接掌权,王室直接统治,特里布文国王,特里布文国王,entity_shah_monarchy,,,国王直接统治,前内阁辞职后收权,再次任命马·普·柯伊拉腊,国王在政党内阁垮台后直接掌握行政权。,大会党与王室的政治活动仍同印度密切相关。,day,WTY-P29;NPL-OPM-FORMER-PM,大会党分裂后国王乘机收权；精确任期按尼泊尔政府历任首相资料校准。,no,middle right
bg_1953_matrika_ii,1953-06-15,1955-04-14,political_background,马·普·柯伊拉腊第二次内阁,君主立宪过渡期,特里布文国王,马特里卡·普拉萨德·柯伊拉腊,entity_national_democratic_party,entity_other_parties_1953,,多党联合政府,国王任命,内阁解散后王室直接掌权,国家民主党领导不含大会党的联合政府。,书中把这一阶段置于印度影响较强的政治环境中。,mixed,WTY-P29;NPL-OPM-FORMER-PM,书中记马·普·柯伊拉腊1953年复任；日界据尼泊尔政府资料。,yes,middle right
bg_1955_mahendra_direct_i,1955-04-14,1956-01-27,political_background,马亨德拉国王直接掌权,王室直接统治,马亨德拉国王,马亨德拉国王,entity_shah_monarchy,,,国王直接统治,继位后掌握行政权,任命坦卡·普拉萨德·阿查里亚,马亨德拉继位后继续由王室控制政府。,1950年尼印条约及经济依赖构成长期关系背景。,day,WTY-P29;WTY-P65-P72;NPL-OPM-FORMER-PM,马亨德拉只承诺制定宪法与举行选举；王室继续控制政治进程。,yes,middle right
bg_1956_acharya,1956-01-27,1957-07-26,political_background,坦卡·普拉萨德·阿查里亚内阁,国王主导的任命政府,马亨德拉国王,坦卡·普拉萨德·阿查里亚,entity_nepal_praja_parishad,entity_independents,,政党与无党派人士联合内阁,国王任命,首相辞职,人民委员会领袖与无党派人士组阁；大会党在野。,政府试图在印度与中国之间拓展外交空间。,day,WTY-P29;NPL-OPM-FORMER-PM,马亨德拉起用坦卡·普拉萨德·阿查里亚组阁。,no,middle right
bg_1957_ki_singh,1957-07-26,1957-11-15,political_background,克·伊·辛格内阁,国王主导的任命政府,马亨德拉国王,昆瓦尔·因德拉吉特·辛格,entity_united_democratic_party,,,政党内阁,国王任命,国王解散内阁,联合民主党领袖短期组阁。,对印关系仍受1950年条约和开放边界影响。,day,NPL-OPM-FORMER-PM;WIKI-NPL-PM-LIST,历任首相资料显示该内阁任期不足四个月。,no,middle right
bg_1957_mahendra_direct_ii,1957-11-15,1958-05-15,political_background,马亨德拉国王第二次直接掌权,王室直接统治,马亨德拉国王,马亨德拉国王,entity_shah_monarchy,,,国王直接统治,解散前内阁,任命选举政府,王室直接行政并筹备议会选举。,印度仍是尼泊尔贸易与政党活动的重要外部环境。,day,NPL-OPM-FORMER-PM;WIKI-NPL-PM-LIST,国王在两届任命内阁之间再次直接掌权。,no,middle right
bg_1958_subarna,1958-05-15,1959-05-27,political_background,苏瓦尔纳·萨姆谢尔选举内阁,君主制下选举过渡政府,马亨德拉国王,苏瓦尔纳·萨姆谢尔·拉纳,entity_nepali_congress,entity_independents,,选举过渡内阁,国王任命,大选后比·普·柯伊拉腊组阁,负责举行1959年首次议会选举。,政府在对印经济依赖背景下筹备首次全国选举。,day,NPL-OPM-FORMER-PM;WIKI-NPL-PM-LIST,苏瓦尔纳·萨姆谢尔领导过渡内阁并组织1959年选举。,no,middle right
bg_1959_bp,1959-05-27,1960-12-15,political_background,比·普·柯伊拉腊多数党政府,议会君主制,马亨德拉国王,比什韦什瓦尔·普拉萨德·柯伊拉腊,entity_nepali_congress,,,单一政党多数政府,1959年大选多数席位,国王政变解散议会,大会党赢得大选并组成首届民选多数政府。,政府处于1950年尼印条约与长期经济依赖框架内。,day,WTY-P29;WTY-P65-P72;NPL-OPM-FORMER-PM,1959年议会选举后大会党组阁；1960年国王政变终止政府。,yes,middle right
bg_1960_mahendra_direct,1960-12-15,1963-04-02,political_background,马亨德拉国王政变后直接统治,王室直接统治,马亨德拉国王,马亨德拉国王,entity_shah_monarchy,,,国王直接统治,1960年王室政变,任命评议会体系首相,国王解散议会、禁止政党并直接掌权。,反对派把印度视为王室的重要外部支持者；河流协定也成为争议。,day,WTY-P30-P31;WTY-P65-P72;NPL-OPM-FORMER-PM,1960年国王宣布政党非法；此后逐步建立无党派评议会制度。,yes,middle right
bg_1963_giri_i,1963-04-02,1963-12-23,political_background,图尔西·吉里第一届评议会内阁,无党派评议会君主制,马亨德拉国王,图尔西·吉里,entity_partyless_panchayat,,,王室任命内阁,国王任命,首相更替,政府在国王主导的无党派评议会体系下运作。,尼印关系受安全、贸易和河流开发议题牵动。,day,NPL-OPM-FORMER-PM;WIKI-NPL-PM-LIST,图尔西·吉里出任评议会体系下首相。,no,middle right
bg_1963_thapa_i,1963-12-23,1964-02-26,political_background,苏里亚·巴哈杜尔·塔帕第一届内阁,无党派评议会君主制,马亨德拉国王,苏里亚·巴哈杜尔·塔帕,entity_partyless_panchayat,,,王室任命内阁,国王任命,首相更替,评议会体系内短期首相更替。,尼泊尔在印度与中国之间寻求外交平衡。,day,NPL-OPM-FORMER-PM;WIKI-NPL-PM-LIST,苏里亚·巴哈杜尔·塔帕首次任首相。,no,middle right
bg_1964_giri_ii,1964-02-26,1965-01-26,political_background,图尔西·吉里第二届评议会内阁,无党派评议会君主制,马亨德拉国王,图尔西·吉里,entity_partyless_panchayat,,,王室任命内阁,国王任命,首相更替,图尔西·吉里再次在王室主导体制下组阁。,尼印结构性依赖延续。,day,NPL-OPM-FORMER-PM;WIKI-NPL-PM-LIST,图尔西·吉里第二次任首相。,no,middle right
bg_1965_thapa_ii,1965-01-26,1969-04-07,political_background,苏里亚·巴哈杜尔·塔帕第二届内阁,无党派评议会君主制,马亨德拉国王,苏里亚·巴哈杜尔·塔帕,entity_partyless_panchayat,,,王室任命内阁,国王任命,首相更替,王室仍掌握无党派政治体制的最终权力。,尼泊尔继续在对印依赖与扩大对华关系之间平衡。,day,WTY-P65-P72;NPL-OPM-FORMER-PM,评议会体制下首相由国王任免。,no,middle right
bg_1969_bista_i,1969-04-07,1970-04-13,political_background,基尔提·尼迪·比斯塔第一届内阁,无党派评议会君主制,马亨德拉国王,基尔提·尼迪·比斯塔,entity_partyless_panchayat,,,王室任命内阁,国王任命,首相辞职,评议会政治继续由王室主导。,对印安全与贸易依赖仍是外交背景。,day,NPL-OPM-FORMER-PM;WIKI-NPL-PM-LIST,基尔提·尼迪·比斯塔首次任首相。,no,middle right
bg_1970_rajbhandari,1970-04-13,1971-04-14,political_background,格亨德拉·巴哈杜尔·拉杰班达里代理内阁,无党派评议会君主制,马亨德拉国王,格亨德拉·巴哈杜尔·拉杰班达里,entity_partyless_panchayat,,,代理政府,按王室体制代理首相,正式首相复任,代理首相主持评议会政府。,尼印关系的结构性议题没有改变。,day,NPL-OPM-FORMER-PM;WIKI-NPL-PM-LIST,拉杰班达里以代理首相身份主持政府。,no,middle right
bg_1971_bista_mahendra,1971-04-14,1972-01-31,political_background,比斯塔第二届内阁／马亨德拉时期,无党派评议会君主制,马亨德拉国王,基尔提·尼迪·比斯塔,entity_partyless_panchayat,,,王室任命内阁,国王任命,马亨德拉去世,比斯塔复任首相；国家元首仍为马亨德拉。,尼泊尔继续在印度与中国之间谋求空间。,day,NPL-OPM-FORMER-PM;WIKI-NPL-PM-LIST,比斯塔复任；本段因国家元首更替而切分。,no,middle right
bg_1972_bista_birendra,1972-01-31,1973-07-16,political_background,比斯塔第二届内阁／比兰德拉时期,无党派评议会君主制,比兰德拉国王,基尔提·尼迪·比斯塔,entity_partyless_panchayat,,,王室任命内阁,新王继位后留任,首相更替,比兰德拉继位后延续同一届评议会政府。,比兰德拉此后逐步提出与印度政策有张力的自主外交主张。,day,WTY-P43-P47;NPL-OPM-FORMER-PM,比兰德拉继位后评议会体制延续。,yes,middle right
bg_1973_rijal_i,1973-07-16,1975-12-01,political_background,纳格德拉·普拉萨德·里贾尔第一届内阁,无党派评议会君主制,比兰德拉国王,纳格德拉·普拉萨德·里贾尔,entity_partyless_panchayat,,,王室任命内阁,国王任命,首相更替,王室控制下的评议会内阁。,1975年比兰德拉提出尼泊尔和平区主张；印度没有支持。,day,WTY-P43-P47;NPL-OPM-FORMER-PM,比兰德拉时期王室政权延续并提出和平区主张。,no,middle right
bg_1975_giri_iii,1975-12-01,1977-09-12,political_background,图尔西·吉里第三届评议会内阁,无党派评议会君主制,比兰德拉国王,图尔西·吉里,entity_partyless_panchayat,,,王室任命内阁,国王任命,首相更替,图尔西·吉里第三次任首相。,和平区主张与尼泊尔对外自主诉求持续影响尼印关系。,day,WTY-P43-P47;NPL-OPM-FORMER-PM,评议会体制仍由比兰德拉国王主导。,no,middle right
bg_1977_bista_iii,1977-09-12,1979-05-30,political_background,比斯塔第三届评议会内阁,无党派评议会君主制,比兰德拉国王,基尔提·尼迪·比斯塔,entity_partyless_panchayat,,,王室任命内阁,国王任命,学生运动后首相更替,比斯塔第三次出任王室任命的首相。,尼泊尔继续寻求减少单方面对印依赖。,day,WTY-P43-P47;NPL-OPM-FORMER-PM,1979年抗议推动王室调整政府并承诺公投。,no,middle right
bg_1979_thapa_iii,1979-05-30,1983-07-12,political_background,塔帕第三届评议会内阁,无党派评议会君主制,比兰德拉国王,苏里亚·巴哈杜尔·塔帕,entity_partyless_panchayat,,,王室任命内阁,国王任命与评议会安排,首相更替,塔帕主持1980年政体公投后的评议会政府。,对印贸易与过境依赖持续；王室同时发展多边关系。,day,WTY-P43-P47;NPL-OPM-FORMER-PM,1980年公投后无党派评议会制度继续存在。,no,middle right
bg_1983_chand_i,1983-07-12,1986-03-21,political_background,洛肯德拉·巴哈杜尔·昌德第一届内阁,无党派评议会君主制,比兰德拉国王,洛肯德拉·巴哈杜尔·昌德,entity_partyless_panchayat,,,王室任命内阁,国王任命,首相更替,昌德首次主持评议会政府。,尼印贸易、安全及开放边界仍是核心关系议题。,day,NPL-OPM-FORMER-PM;WIKI-NPL-PM-LIST,昌德首次任首相。,no,middle right
bg_1986_rijal_ii,1986-03-21,1986-06-15,political_background,里贾尔第二届评议会内阁,无党派评议会君主制,比兰德拉国王,纳格德拉·普拉萨德·里贾尔,entity_partyless_panchayat,,,王室任命内阁,国王任命,首相更替,里贾尔短期复任。,尼印关系因尼泊尔自主政策逐渐趋紧。,day,NPL-OPM-FORMER-PM;WIKI-NPL-PM-LIST,里贾尔第二次任首相。,no,middle right
bg_1986_marich,1986-06-15,1990-04-06,political_background,马里奇·曼·辛格内阁,无党派评议会君主制,比兰德拉国王,马里奇·曼·辛格·什雷斯塔,entity_partyless_panchayat,,,王室任命内阁,国王任命,人民运动中辞职,评议会末期政府面对日益扩大的民主运动。,限制外国人就业和发展对华军贸加剧尼印矛盾；1989年印度关闭多数过境站。,day,WTY-P43-P47;NPL-OPM-FORMER-PM,1989年贸易与过境危机造成经济冲击并与反王室运动叠加。,yes,middle right
bg_1990_chand_transition,1990-04-06,1990-04-19,political_background,昌德过渡内阁,评议会制终结过渡期,比兰德拉国王,洛肯德拉·巴哈杜尔·昌德,entity_partyless_panchayat,,,王室任命过渡内阁,人民运动中由国王任命,多党临时政府成立,昌德短期接任并见证党禁解除和评议会体制终结。,尼印贸易危机仍是人民运动的直接经济背景。,mixed,WTY-P43-P47;NPL-OPM-FORMER-PM,人民运动迫使国王解除党禁并同意建立多党政府。,no,middle right
bg_1990_interim,1990-04-19,1991-05-26,political_background,克·普·巴特拉伊临时联合政府,多党君主立宪过渡期,比兰德拉国王,克里希纳·普拉萨德·巴特拉伊,entity_nepali_congress,entity_united_left_front;entity_royal_nominees;entity_independent_intellectuals,,跨党派临时政府,人民运动后王室与政党协议,大选后多数党政府成立,内阁由大会党、联合左翼阵线、王室提名者和独立知识界人士构成。,1990年6月政府同印度达成协议；印度取消贸易禁运。,mixed,WTY-P46-P47;NPL-OPM-FORMER-PM,临时政府包括4名大会党、3名联合左翼阵线、2名王室提名者和2名知识界人士。,yes,middle right
bg_1991_gp_majority,1991-05-26,1994-07-10,political_background,吉·普·柯伊拉腊多数党政府,议会君主制,比兰德拉国王,吉里贾·普拉萨德·柯伊拉腊,entity_nepali_congress,,,单一政党多数政府,1991年大选赢得110席,首相辞职并提前大选,大会党在205席中赢得110席并单独执政。,书中认为政府政策亲印；贸易与过境安排继续影响经济。,day,WTY-P47-P51;NPL-OPM-FORMER-PM,大会党赢得多数后组阁；1994年党内矛盾促使首相辞职。,yes,middle right
bg_1994_gp_caretaker,1994-07-10,1994-11-30,political_background,吉·普·柯伊拉腊看守政府,议会君主制,比兰德拉国王,吉里贾·普拉萨德·柯伊拉腊,entity_nepali_congress,,,看守政府,辞职后留任筹备选举,大选后联合马列组阁,大会党政府在提前选举期间留守。,尼印既有贸易与经济关系延续。,day,WTY-P47-P51;NPL-OPM-FORMER-PM,7月辞职至11月新政府成立之间按看守政府单列。,no,middle right
bg_1994_adhikari,1994-11-30,1995-09-12,political_background,曼·莫汉·阿迪卡里少数派政府,议会君主制,比兰德拉国王,曼·莫汉·阿迪卡里,entity_ncp_uml,,,单一政党少数政府,1994年大选成为第一大党,不信任案通过,联合马列在未获多数席位的情况下单独组阁。,政府尝试调整前政府的亲印政策但仍难摆脱印度影响。,day,WTY-P55-P57;NPL-OPM-FORMER-PM,联合马列组成少数派政府；1995年因不信任案下台。,yes,middle right
bg_1995_deuba_i,1995-09-12,1997-03-12,political_background,德乌帕第一届联合政府,议会君主制,比兰德拉国王,谢尔·巴哈杜尔·德乌帕,entity_nepali_congress,entity_rpp;entity_nepal_sadbhavana_party,,多党联合政府,不信任案后议会联盟组阁,联盟失去多数,大会党与民族民主党、尼泊尔友爱党组阁；人民战争在任内爆发。,1996年政府同印度签署马哈卡利河综合开发条约。,day,WTY-P57-P62;CR-PEACE-CHRONOLOGY;NPL-OPM-FORMER-PM,德乌帕领导大会党、民族民主党和尼泊尔友爱党联合政府。,yes,middle right
bg_1997_chand_ii,1997-03-12,1997-10-07,political_background,昌德第二届政府,议会君主制,比兰德拉国王,洛肯德拉·巴哈杜尔·昌德,entity_rpp,,entity_ncp_uml,少数政府获外党支持,议会联盟更替,支持联盟瓦解,民族民主党领袖组阁；联合马列提供议会支持但不列作联合执政成员。,人民战争扩大；印度开始更加关注跨境安全。,day,CR-PEACE-CHRONOLOGY;NPL-OPM-FORMER-PM,昌德的民族民主党政府得到联合马列支持。,no,middle right
bg_1997_thapa_iv,1997-10-07,1998-04-15,political_background,塔帕第四届联合政府,议会君主制,比兰德拉国王,苏里亚·巴哈杜尔·塔帕,entity_rpp,entity_nepali_congress;entity_nepal_sadbhavana_party,,多党联合政府,议会联盟重组,联盟更替,民族民主党领袖与大会党、尼泊尔友爱党组阁。,政府在对印依赖与国内武装冲突升级之间施政。,day,CR-PEACE-CHRONOLOGY;NPL-OPM-FORMER-PM,塔帕政府由大会党和尼泊尔友爱党支持并参与执政。,no,middle right
bg_1998_gp_minority,1998-04-15,1998-08-01,political_background,吉·普·柯伊拉腊少数政府,议会君主制,比兰德拉国王,吉里贾·普拉萨德·柯伊拉腊,entity_nepali_congress,,,单一政党少数政府,议会联盟重组,尼共（马列）入阁,大会党先以少数政府形式复任。,印度继续是安全、贸易和政党互动的重要外部力量。,mixed,CR-PEACE-CHRONOLOGY;NPL-OPM-FORMER-PM,1998年4月大会党组建少数政府；8月尼共（马列）加入。,no,middle right
bg_1998_gp_ml,1998-08-01,1998-12-01,political_background,大会党—尼共（马列）联合政府,议会君主制,比兰德拉国王,吉里贾·普拉萨德·柯伊拉腊,entity_nepali_congress,entity_ncp_ml_1998,,两党联合政府,尼共（马列）加入内阁,联合马列取代尼共（马列）,大会党与1998年分出的尼共（马列）联合执政。,对印政策仍处于长期相互依赖框架。,month,CR-PEACE-CHRONOLOGY,尼共（马列）于1998年8月加入政府；资料仅支持月份。,no,middle right
bg_1998_gp_uml,1998-12-01,1999-05-31,political_background,大会党—联合马列联合政府,议会君主制,比兰德拉国王,吉里贾·普拉萨德·柯伊拉腊,entity_nepali_congress,entity_ncp_uml;entity_nepal_sadbhavana_party,,多党联合政府,联合马列取代尼共（马列）入阁,大选后大会党多数政府成立,联合马列与尼泊尔友爱党参加大会党主导政府。,联合政府延续对印经贸与安全合作。,month,CR-PEACE-CHRONOLOGY;NPL-OPM-FORMER-PM,1998年12月联合马列取代尼共（马列）；尼泊尔友爱党也加入。,no,middle right
bg_1999_bhattarai,1999-05-31,2000-03-22,political_background,克·普·巴特拉伊多数党政府,议会君主制,比兰德拉国王,克里希纳·普拉萨德·巴特拉伊,entity_nepali_congress,,,单一政党多数政府,1999年大选大会党获多数,党内更换首相,大会党赢得大选并单独组阁。,对印经贸依赖与人民战争的跨境问题并存。,day,CR-PEACE-CHRONOLOGY;NPL-OPM-FORMER-PM,1999年大会党多数政府由巴特拉伊任首相。,yes,middle right
bg_2000_gp_birendra,2000-03-22,2001-06-01,political_background,吉·普·柯伊拉腊政府／比兰德拉时期,议会君主制,比兰德拉国王,吉里贾·普拉萨德·柯伊拉腊,entity_nepali_congress,,,单一政党多数政府,大会党内部更换首相,王宫血案导致国家元首更替,吉·普·柯伊拉腊接替同党首相；人民战争继续升级。,印度加强对毛派活动和开放边界安全的关注。,day,WTY-P155-P160;CR-PEACE-CHRONOLOGY;NPL-OPM-FORMER-PM,2000年吉·普·柯伊拉腊复任；本段止于王宫血案。,no,middle right
bg_2001_gp_dipendra,2001-06-01,2001-06-04,political_background,吉·普·柯伊拉腊政府／迪彭德拉在位,议会君主制,迪彭德拉国王,吉里贾·普拉萨德·柯伊拉腊,entity_nepali_congress,,,单一政党多数政府,王位继承,迪彭德拉去世,王宫血案后迪彭德拉名义继位三天；政府未更换。,印度密切关注王宫血案与尼泊尔政局。,day,WTY-P155-P160;WIKI-NPL-PM-LIST,王宫血案后的三日国家元首变动单独记录。,no,middle right
bg_2001_gp_gyanendra,2001-06-04,2001-07-26,political_background,吉·普·柯伊拉腊政府／贾南德拉继位,议会君主制,贾南德拉国王,吉里贾·普拉萨德·柯伊拉腊,entity_nepali_congress,,,单一政党多数政府,贾南德拉继位后政府留任,首相辞职,王宫血案后贾南德拉继位；大会党政府短期留任。,印度同新国王和政府接触并关注毛派冲突。,day,WTY-P155-P160;NPL-OPM-FORMER-PM,贾南德拉继位后吉·普·柯伊拉腊仍任首相至7月。,no,middle right
bg_2001_deuba_nc,2001-07-26,2002-09-22,political_background,德乌帕第二届政府／大会党时期,议会君主制,贾南德拉国王,谢尔·巴哈杜尔·德乌帕,entity_nepali_congress,,,单一政党政府,大会党内部更换首相,德乌帕派另行登记政党,德乌帕接任并主持第一次停火谈判；其后宣布紧急状态。,九一一后印度将毛派视作恐怖组织并加强边境与军事合作。,day,WTY-P155-P160;WTY-P181-P192;NPL-OPM-FORMER-PM,德乌帕以大会党首相身份执政；2002年党内分裂正式化。,yes,middle right
bg_2002_deuba_ncd,2002-09-22,2002-10-04,political_background,德乌帕第二届政府／大会党民主派时期,议会君主制,贾南德拉国王,谢尔·巴哈杜尔·德乌帕,entity_nc_democratic,,,单一政党政府,大会党民主派正式登记,国王解除首相职务,德乌帕阵营以大会党（民主派）名义继续短期执政。,印度继续支持政府对毛派的安全行动。,day,WTY-P181-P192;CR-PEACE-CHRONOLOGY,2002年9月大会党民主派公开登记；10月国王解除德乌帕职务。,no,middle right
bg_2002_king_direct_week,2002-10-04,2002-10-11,political_background,贾南德拉国王直接掌权,王室直接统治,贾南德拉国王,贾南德拉国王,entity_shah_monarchy,,,国王直接统治,解除民选首相,任命昌德,国王宣布首相无能并短暂直接控制行政权。,印度对王权扩张保持警惕但继续安全合作。,day,WTY-P181-P192;CR-PEACE-CHRONOLOGY,国王解除德乌帕后至任命昌德之间单列为直接统治。,no,middle right
bg_2002_chand_iii,2002-10-11,2003-06-05,political_background,昌德第三届王室任命政府,王权扩张期,贾南德拉国王,洛肯德拉·巴哈杜尔·昌德,entity_shah_monarchy,entity_rpp,,王室任命政府,国王任命,抗议中辞职,国王选择民族民主党政治人物组阁而非依议会多数。,印度主张恢复民主程序同时继续反毛派合作。,day,WTY-P181-P192;CR-PEACE-CHRONOLOGY;NPL-OPM-FORMER-PM,2002年国王任命昌德；主要政党拒绝承认其民主授权。,yes,middle right
bg_2003_thapa_v,2003-06-05,2004-06-03,political_background,塔帕第五届王室任命政府,王权扩张期,贾南德拉国王,苏里亚·巴哈杜尔·塔帕,entity_shah_monarchy,entity_rpp,,王室任命政府,国王任命,反对党抗议中辞职,民族民主党政治人物再次由国王直接任命。,印度敦促恢复多党民主并关注安全局势。,day,WTY-P181-P192;CR-PEACE-CHRONOLOGY;NPL-OPM-FORMER-PM,塔帕由国王任命并在政党持续抗议后辞职。,no,middle right
bg_2004_deuba_iii,2004-06-03,2005-02-01,political_background,德乌帕第三届联合政府,王权扩张下的多党政府,贾南德拉国王,谢尔·巴哈杜尔·德乌帕,entity_nc_democratic,entity_ncp_uml;entity_other_small_parties,,王室任命的多党联合政府,国王任命并吸纳政党,国王政变解散政府,大会党民主派、联合马列等参加政府；民主授权仍受争议。,印度支持恢复议会民主并继续提供安全援助。,day,WTY-P181-P192;CR-PEACE-CHRONOLOGY;NPL-OPM-FORMER-PM,德乌帕与联合马列等组阁；2005年国王夺取全部行政权。,yes,middle right
bg_2005_royal,2005-02-01,2006-04-25,political_background,贾南德拉国王直接统治,王室直接统治,贾南德拉国王,贾南德拉国王,entity_shah_monarchy,,,国王直接统治,2005年王室政变,人民运动迫使恢复议会,国王解除政府、实施紧急状态并亲自掌权。,印度不支持长期直接统治；七党联盟与毛派的十二点协议在印度形成。,day,WTY-P181-P205;CR-PEACE-CHRONOLOGY,2005年政变后王室直接统治；2006年人民运动迫使国王交还权力。,yes,middle right
bg_2006_spa_restored,2006-04-25,2007-01-15,political_background,七党联盟恢复议会政府,恢复议会的君主立宪过渡期,贾南德拉国王,吉里贾·普拉萨德·柯伊拉腊,entity_seven_party_alliance,entity_nepali_congress;entity_ncp_uml,,联盟政府,人民运动与恢复议会,临时宪法生效,七党联盟执政并与尼共（毛）完成停火和全面和平协议。,印度支持恢复议会民主并密切参与和平进程外部协调。,day,WTY-P192-P214;CR-PEACE-CHRONOLOGY;NPL-OPM-FORMER-PM,七党联盟掌权并同毛派签署全面和平协议。,yes,middle right
bg_2007_interim_pre_maoist,2007-01-15,2007-04-01,political_background,临时宪法下的七党联盟政府,临时政体,吉·普·柯伊拉腊代行国家元首职能,吉里贾·普拉萨德·柯伊拉腊,entity_seven_party_alliance,entity_nepali_congress;entity_ncp_uml,,联盟临时政府,临时宪法生效,毛派进入内阁,国王权力被冻结；首相代行国家元首职能。,印度支持临时政治安排并持续影响和平进程。,day,WTY-P192-P214;CR-PEACE-CHRONOLOGY,临时宪法建立过渡政体；毛派尚未进入内阁。,no,middle right
bg_2007_interim_maoist_in,2007-04-01,2007-09-18,political_background,八党临时联合政府,临时政体,吉·普·柯伊拉腊代行国家元首职能,吉里贾·普拉萨德·柯伊拉腊,entity_seven_party_alliance,entity_nepali_congress;entity_ncp_uml;entity_ncp_maoist,,扩大联合临时政府,毛派进入临时内阁,毛派部长辞职,尼共（毛）首次参加中央政府。,毛派从印度压制下的地下活动转为公开政党外交。,day,WTY-P192-P214;CR-PEACE-CHRONOLOGY,2007年4月毛派进入临时政府；9月退出。,yes,middle right
bg_2007_interim_maoist_out,2007-09-18,2007-12-31,political_background,毛派退出后的临时政府,临时政体,吉·普·柯伊拉腊代行国家元首职能,吉里贾·普拉萨德·柯伊拉腊,entity_seven_party_alliance,entity_nepali_congress;entity_ncp_uml,,联盟临时政府,毛派部长退出后政府留任,毛派重返内阁,七党联盟继续执政；毛派在阁外施压。,印度继续支持和平进程和制宪议会选举。,day,WTY-P192-P214;CR-PEACE-CHRONOLOGY,毛派部长9月18日辞职；12月31日重返政府。,no,middle right
bg_2007_interim_maoist_return,2007-12-31,2008-05-28,political_background,毛派回归后的临时联合政府,临时政体,吉·普·柯伊拉腊代行国家元首职能,吉里贾·普拉萨德·柯伊拉腊,entity_seven_party_alliance,entity_nepali_congress;entity_ncp_uml;entity_ncp_maoist,,扩大联合临时政府,毛派重返内阁,制宪议会宣布共和国,毛派回归后各党共同筹备制宪议会选举。,印度支持选举但同毛派的互信仍有限。,day,WTY-P192-P214;CR-PEACE-CHRONOLOGY,毛派重返政府并参加2008年制宪议会选举。,no,middle right
bg_2008_republic_gp_acting,2008-05-28,2008-07-23,political_background,共和国初建／柯伊拉腊代行元首,共和国过渡期,吉·普·柯伊拉腊代行国家元首职能,吉里贾·普拉萨德·柯伊拉腊,entity_seven_party_alliance,entity_nepali_congress;entity_ncp_uml;entity_ncp_maoist,,过渡联合政府,制宪议会废除君主制,总统就任,君主制废除后由首相暂行国家元首职能。,印度承认共和国并同主要政党协调整体关系。,day,WTY-P213-P260;CR-PEACE-CHRONOLOGY,2008年5月28日共和国成立；总统就任前由首相代行元首职能。,yes,middle right
bg_2008_gp_caretaker,2008-07-23,2008-08-18,political_background,亚达夫总统／柯伊拉腊看守政府,议会共和国,拉姆·巴兰·亚达夫总统,吉里贾·普拉萨德·柯伊拉腊,entity_nepali_congress,entity_seven_party_alliance,,看守联合政府,首任总统就任,普拉昌达政府成立,新总统就任后柯伊拉腊政府留守至新总理组阁。,印度同首任总统及各党保持密切交往。,day,NPL-PRESIDENT-FORMER;CR-PEACE-CHRONOLOGY;NPL-OPM-FORMER-PM,7月23日首任总统就任；8月18日新政府成立。,no,middle right
bg_2008_prachanda_maoist,2008-08-18,2009-01-13,political_background,普拉昌达联合政府／尼共（毛）时期,联邦民主共和国过渡期,拉姆·巴兰·亚达夫总统,普拉昌达,entity_ncp_maoist,entity_ncp_uml;entity_mjf_nepal;entity_other_small_parties,,多党联合政府,制宪议会第一大党组阁,毛派政党统一改名,尼共（毛）联合联合马列、马迪西人民权利论坛等组阁。,政府谋求中印平衡；军队问题与对印互信成为执政压力。,day,WTY-P213-P260;CR-PEACE-CHRONOLOGY;NPL-OPM-FORMER-PM,毛派为第一大党并联合联合马列、马迪西论坛及小党组阁。,yes,middle right
bg_2009_prachanda_unified,2009-01-13,2009-05-25,political_background,普拉昌达联合政府／统一尼共（毛）时期,联邦民主共和国过渡期,拉姆·巴兰·亚达夫总统,普拉昌达,entity_unified_ncp_maoist,entity_ncp_uml;entity_mjf_nepal;entity_other_small_parties,,多党联合政府,执政党统一改名后政府延续,总理因军队司令争议辞职,党名变化不改变原联合政府构成。,普拉昌达同印度在军队问题上的互信不足加剧危机。,day,WTY-P213-P260;CR-PEACE-CHRONOLOGY;NPL-OPM-FORMER-PM,统一尼共（毛）政府因军队司令争议辞职。,no,middle right
bg_2009_madhav_initial,2009-05-25,2009-06-24,political_background,马达夫·尼帕尔初始联合政府,联邦民主共和国过渡期,拉姆·巴兰·亚达夫总统,马达夫·库马尔·尼帕尔,entity_ncp_uml,entity_nepali_congress;entity_mjf_nepal,,多党联合政府,议会多数联盟组阁,联盟扩大并重组马迪西成员,联合马列联合大会党和马迪西论坛组阁；统一尼共（毛）在野。,印度被书中视为阻止毛派重新执政的重要外部力量。,day,WTY-P260-P278;CR-PEACE-CHRONOLOGY;NPL-OPM-FORMER-PM,联合马列主导大会党与马迪西论坛参与的联合政府。,yes,middle right
bg_2009_madhav_expanded,2009-06-24,2010-06-30,political_background,马达夫·尼帕尔扩大联合政府,联邦民主共和国过渡期,拉姆·巴兰·亚达夫总统,马达夫·库马尔·尼帕尔,entity_ncp_uml,entity_nepali_congress;entity_mjf_democratic;entity_tmlp;entity_other_small_parties,,多党联合政府,联盟扩大,总理辞职,马迪西论坛民主派、特莱—马迪西民主党等加入联盟。,印度继续影响政党联盟、和平进程和安全政策。,day,WTY-P260-P278;CR-PEACE-CHRONOLOGY,政府联盟扩大后仍由联合马列与大会党主导。,no,middle right
bg_2010_madhav_caretaker,2010-06-30,2011-02-06,political_background,马达夫·尼帕尔看守政府,联邦民主共和国过渡期,拉姆·巴兰·亚达夫总统,马达夫·库马尔·尼帕尔,entity_ncp_uml,entity_nepali_congress;entity_mjf_democratic;entity_tmlp,,看守联合政府,辞职后依宪制留任,卡纳尔当选总理,总理辞职后因议会长期无法选出继任者而留守。,印度继续同各党就和平进程和政府形成互动。,day,WTY-P260-P278;CR-PEACE-CHRONOLOGY;NPL-OPM-FORMER-PM,2010年6月辞职后留任至2011年2月新总理就职。,yes,middle right
bg_2011_khanal,2011-02-06,2011-08-29,political_background,杰拉·纳特·卡纳尔政府,联邦民主共和国过渡期,拉姆·巴兰·亚达夫总统,杰拉·纳特·卡纳尔,entity_ncp_uml,,entity_unified_ncp_maoist,少数政府获外党支持,议会选举总理并获毛派支持,和平进程僵局中辞职,联合马列组阁；统一尼共（毛）提供关键议会支持但不列作联合执政成员。,印度继续影响联盟谈判并关注军队整编。,day,WTY-P260-P278;CR-PEACE-CHRONOLOGY;NPL-OPM-FORMER-PM,卡纳尔政府由统一尼共（毛）支持成立。,yes,middle right
bg_2011_bhattarai,2011-08-29,2012-05-28,political_background,巴布拉姆·巴特拉伊联合政府,联邦民主共和国过渡期,拉姆·巴兰·亚达夫总统,巴布拉姆·巴特拉伊,entity_unified_ncp_maoist,entity_madhesi_parties,,多党联合政府,议会选举总理并获马迪西政党支持,制宪议会任期届满解散,统一尼共（毛）与多支马迪西政党组成简单多数联盟。,政府强调改善对印关系并推进双边经济安排。,day,WTY-P278-P298;CR-PEACE-CHRONOLOGY;NPL-OPM-FORMER-PM,巴特拉伊在马迪西政党支持和入阁下组成联合政府。,yes,middle right
bg_2012_bhattarai_caretaker,2012-05-28,2012-12-31,political_background,巴布拉姆·巴特拉伊看守政府,联邦民主共和国过渡期,拉姆·巴兰·亚达夫总统,巴布拉姆·巴特拉伊,entity_unified_ncp_maoist,entity_madhesi_parties,,看守联合政府,制宪议会解散后留任,图表时间范围截止,制宪议会未能完成宪法并解散；原政府转为看守状态。,对印政策继续受到反对派和党内力量争论。,day,WTY-P278-P298;CR-PEACE-CHRONOLOGY;NPL-OPM-FORMER-PM,2012年5月28日制宪议会解散后巴特拉伊留任看守总理。,yes,middle right
