event_id,event_date,person_id,org_id,event_type,title,description,date_precision,source_id,source_excerpt,show_label,label_position,x_offset,first_appearance
event_adhikari_first_appearance,1954-01-27,adhikari,ncp_unified,appointment,当选尼共总书记,尼共一大选举阿迪卡里为中央总书记,day,WTY-P28,阿迪卡里1920年6月出生于加德满都，1938年前往印度瓦腊纳西学习；1942年参加‘退出印度运动’并入狱一年半，在印度学习期间信仰马克思主义并加入印度共产党。1947年回国成为比拉德讷格尔贸易联合会领导人，1949年参与创建尼泊尔共产党。1954年尼共一大选举他取代什雷斯塔，当选中央总书记。,yes,middle left,-0.16,yes
event_1954_background,1954-01-01,raimajhi,ncp_unified,background,进入中央委员会,出生家庭、早年赴印、1947—1948年组织活动及1954年进入中央委员会,year,WTY-P31,腊伊玛吉出生于尼泊尔帕罗帕县坦森的高种姓地主家庭，早年流亡印度从事革命活动，受印共领导人拉特纳·拉尔·婆罗门的影响颇深。1947年在加尔各答参与创建尼泊尔人马克思主义研究沙龙，1948年该组织被改建为进步研究沙龙，腊伊玛吉担任负责人。1954年，腊伊玛吉在尼共一大上被选进中央委员会。,yes,middle right,0,yes
event_1956_exec,1956-09-01,raimajhi,ncp_unified,appointment,任中央执行书记,担任中央执行书记,month,WTY-P31,1956年9月，担任中央执行书记。此后在尼共党内高层形成以腊伊玛吉为首的所谓改革派和以前总书记什雷斯塔为首的革命派。,yes,middle right,,
event_1957_gs,1957-06-01,raimajhi,ncp_unified,appointment,当选总书记,在尼共二大上当选总书记,month,WTY-P31,1957年，腊伊玛吉在党的二大上乘总书记阿迪卡里到中国治病缺席会议之机当选总书记。腊伊玛吉竭力鼓吹立宪君主制，秘密联络王室成员，行踪暴露后遭到党内多数党员的谴责。,yes,middle right,0,no
event_1959_election,1959-01-01,raimajhi,ncp_unified,election,参加议会选举,以尼共候选人身份参选但未获席位,year,WTY-P31,1959年，腊伊玛吉以尼共候选人的身份参加当年的议会选举，结果因得票率低于4%未获一个席位。竞选失败使腊伊玛吉受到党内更加严厉的批评。,yes,middle right,,
event_1960_statement,1960-09-01,raimajhi,ncp_unified,position,支持国王解散议会,赴莫斯科参加国际会议期间发表声明,month,WTY-P31,1960年9月，腊伊玛吉前往莫斯科参加世界共产党和工人党国际会议。此时正值马亨德拉国王宣布解散议会。听从莫斯科指令的腊伊玛吉公开声明国王此举是进步的。然而腊伊玛吉的主动献媚并没能改变尼共和其他党派一样遭禁的命运。,yes,middle right,,
event_1961_royal_posts,1961-01-01,raimajhi,ncp_unified,public_office,获王室安排职务,原书未注明具体任职年份；为便于作图暂置于1961年，当时尚未被三大开除,uncertain,WTY-P30,他不仅向马亨德拉国王表忠心，表示愿意同王室合作，赞成国王提出的无党派评议会制度，而且还以个人身份参加评议会选举，并因此获得王室“嘉奖”给他的国会议员以及常设国会委员会主席职务。,yes,middle left,0,
event_1961_removed,1961-03-01,raimajhi,ncp_unified,removal,被免去总书记职务,尼共中央全会作出决定,month,WTY-P31,1961年1月，腊伊玛吉回国后，继续主张可控的民主制和立宪君主制。1961年3月，尼共中央全会决定罢免腊伊玛吉总书记职务。1962年4月，尼共三大将他开除出党。,yes,middle right,,
event_1962_expelled,1962-04-01,raimajhi,raimajhi_controlled_central,expulsion,被三大开除／形成两个中央,拒绝接受处分并否认瓦腊纳西三大的合法性,month,WTY-P30-P31,然而腊伊玛吉拒不认错，拒不接受尼共中央处分决定，也不承认瓦腊纳西三大的合法性，仍然把持着受自己控制的中央，与阿玛提亚领导的尼共中央分庭抗礼。此时的尼共实际形成了两个中央。,yes,middle right,0,
event_1966_centre,1966-01-01,raimajhi,ncp_raimajhi,formation,正式另立中央,正式建立独立中央,year,WTY-P31,1966年，腊伊玛吉决定正式另立中央。1967年他在加德满都召开了另一个尼共“三大”，称自己的“三大”才是合法的“三大”。,yes,middle right,0,
event_1967_congress,1967-01-01,raimajhi,ncp_raimajhi,congress,另开尼共“三大”,在加德满都召开会议并任总书记,year,WTY-P31,大会选举产生了21人的中央委员会和5人组成的政治局，腊伊玛吉任总书记。这次会议还完全站在赫鲁晓夫的立场上谴责中国共产党，声称苏联是国际社会主义运动的中心，倡导在尼泊尔进行和平的政治运动，谴责武装斗争思想为“冒险主义”，攻击尼共领导人什雷斯塔、阿玛提亚为“极端主义者”。腊伊玛吉公开叛党是尼共遭遇的第一次分裂。腊伊玛吉领导的这个党后来被称为尼共（腊伊玛吉），成为保皇党的代表。,yes,middle right,0,
event_royal_adviser,1967-07-01,raimajhi,ncp_raimajhi,public_office,长期任王室顾问或内阁大臣,原书未注明具体起止年份；节点仅表示该项经历,uncertain,WTY-P31,腊伊玛吉也更加肆无忌惮地站在王室一边，成为忠顺的积极的保皇主义者。尼泊尔王室也投桃报李，让他长期担任国王咨询机构皇家委员会瑞吉·沙阿（Raj Sabha）顾问或内阁大臣。,yes,middle left,0,
event_1979_unrest,1979-04-01,raimajhi,ncp_raimajhi,position,学潮期间支持国王,党内围绕是否反对国王专制发生冲突,month,WTY-P31-P32,1979年4月，尼泊尔爆发大规模学潮并迅速发展成全国性的政治骚乱，尼泊尔大会党等党派借机猛烈抨击无党派评议会制度，而尼共（腊伊玛吉）仍坚定站在国王一边。尼共（腊伊玛吉）的保皇本质引起该党内部一部分人士的强烈不满，其中包括政治局委员比什努·巴哈杜尔·马南达尔。马南达尔要求党参加政治运动，反对国王专制统治，但遭到腊伊玛吉的反对。马南达尔公开谴责腊伊玛吉为保皇分子。,yes,middle right,0,
event_1981_manandhar,1981-01-01,raimajhi,ncp_raimajhi,split,马南达尔派脱离,马南达尔带领一大部分党员另立新党,year,WTY-P32,1981年，马南达尔带领一大部分党员脱离腊伊玛吉，另立新党尼共（马南达尔）。,yes,middle right,,
event_1983_fifth_congress,1983-01-01,raimajhi,ncp_raimajhi,congress,尼共（腊伊玛吉）五大,选举两名总书记并在同年发生开除,year,WTY-P32,1983年，尼共（腊伊玛吉）召开五大，选举腊伊玛吉和克利须那·瑞吉·布尔玛为总书记。然而就在当年布尔玛也以腊伊玛吉为保皇分子为由将其开除出党。,yes,middle right,0,
event_1983_new_party,1983-07-01,raimajhi,raimajhi_new_party_1983,formation,另立新党并自任总书记,被尼共（腊伊玛吉）开除后另立组织；原书未载正式党名,year,WTY-P32,腊伊玛吉不得不带领追随者另立新党，自任总书记，但1986年这个党又将他开除。此时的尼共（腊伊玛吉）已经消亡。,yes,middle right,0,
event_1986_expelled,1986-01-01,raimajhi,raimajhi_new_party_1983,expulsion,再次被开除,被1983年另立的党开除,year,WTY-P32,腊伊玛吉不得不带领追随者另立新党，自任总书记，但1986年这个党又将他开除。此时的尼共（腊伊玛吉）已经消亡。,yes,middle right,0,
event_1990_minister,1990-01-01,raimajhi,ncp_raimajhi,public_office,任过渡政府教育大臣,受国王委派并代表国王监督制宪运动,year,WTY-P32,1990年恢复民主后，腊伊玛吉受国王委派成为过渡政府的教育大臣，并代表国王监督制宪运动。过渡政府到1991年5月大选时结束。,yes,middle left,0,
event_1991_people_party,1991-01-01,raimajhi,nepal_people_party_social_democratic,election,组建尼泊尔人民党参选,选举失败后人民党解散,year,WTY-P32,在大选前，腊伊玛吉及其追随者组成尼泊尔人民党（社会民主主义）参加竞选。这表明此时腊伊玛吉彻底抛弃共产党的外衣，完全沦为社会民主主义者。然而这次“脱胎换骨”也没有挽救腊伊玛吉在选举中惨败的命运，腊伊玛吉没能获得议员资格，人民党随即解散。尼共历史上第一个也是最顽固的“保皇派”组织就此不复存在。,yes,middle right,0,
event_1991_royal_affairs,1991-06-01,raimajhi,ncp_raimajhi,public_office,任皇家事务委员会主席,原书仅称此后担任该职,year,WTY-P32,此后，腊伊玛吉担任皇家事务委员会主席，见证了2001年王宫血案后王室内部剧变和贾兰德拉继位。,yes,middle left,0,
event_2001_palace,2001-06-01,raimajhi,ncp_raimajhi,context,见证王宫血案后王室剧变,以皇家事务委员会主席身份经历王室变化,year,WTY-P32,此后，腊伊玛吉担任皇家事务委员会主席，见证了2001年王宫血案后王室内部剧变和贾兰德拉继位。,yes,middle left,0,
event_2008_career_end,2008-01-01,raimajhi,ncp_raimajhi,retirement,王权废除后结束政治生涯,书中以2006年内战结束及2008年王权废除作为背景,year,WTY-P32,随着2006年尼泊尔内战结束以及2008年王权被废除，这位追随王室几十年的忠顺奴仆就此结束了政治生涯。,yes,middle left,0,
event_2012_death,2012-12-07,raimajhi,ncp_raimajhi,death,在加德满都去世,享年93岁,day,WTY-P32,2012年12月7日，腊伊玛吉在加德满都去世，享年93岁。,yes,middle left,0,no
event_adhikari_china,1957-06-01,adhikari,ncp_unified,absence,赴中国治病并缺席尼共二大,原书仅称其因治病赴中国并缺席二大，未说明具体出行日期；图示定位到二大所在月份,month,WTY-P31,1957年，腊伊玛吉在党的二大上乘总书记阿迪卡里到中国治病缺席会议之机当选总书记。,yes,middle left,-0.16,no
event_adhikari_arrest,1961-01-01,adhikari,ncp_unified,imprisonment,因反对无党派评议会制度入狱,1961年因反对无党派评议会制度入狱9年；书中未注明月份,year,WTY-P30,1961年因反对无党派评议会制度入狱9年。,yes,middle left,-0.16,no
event_adhikari_guidance_committee,1961-03-01,adhikari,ncp_unified,leadership,进入三人指导委员会,与普什帕·拉尔·什雷斯塔、沙穆布·拉姆·什雷斯塔共同组成指导委员会,month,WTY-P30,会议同时决定成立由普什帕·拉尔·什雷斯塔、曼·莫汉·阿迪卡里和沙穆布·拉姆·什雷斯塔组成的三人指导委员会。,yes,middle left,-0.16,no
event_adhikari_release,1970-01-01,adhikari,ncp_unified,release,出狱后推动党内团结,以1961年入狱9年推算约1970年出狱，具体日期待核,year,WTY-P30,出狱后积极推动尼泊尔共产党的团结与统一。,yes,middle left,-0.16,no
event_adhikari_unity_congress,1982-01-01,adhikari,ncp_unity_congress,formation,创建尼共（统一大会）,阿迪卡里创建该党,year,WTY-P30,1982年创建尼共（统一大会）。,yes,middle right,-0.16,no
event_adhikari_merge_1986,1986-01-01,adhikari,ncp_marxist,merge,尼共（统一大会）并入尼共（马）,原书记载组织合并，未说明其在合并后组织中的职务,year,WTY-P30,1986年该党并入尼共（马）。,yes,middle right,-0.16,no
event_adhikari_found_uml,1991-01-01,adhikari,ncp_uml,formation,参与成立尼共（联合马列）,与尼共（马列）联合成立新党并当选党主席,month,WTY-P30,1991年1月尼共（马）又与尼共（马列）联合成立尼共（联合马列），阿迪卡里当选为党主席。,yes,middle right,-0.16,no
event_adhikari_reelected,1993-09-01,adhikari,ncp_uml,election,再次当选党主席,原书未说明任期具体起止日,month,WTY-P30,1993年9月，在尼共五大上再次当选为党主席。,yes,middle right,-0.16,no
event_adhikari_pm,1994-11-01,adhikari,ncp_uml,public_office,当选尼泊尔首相,尼共（联合马列）大选获胜，阿迪卡里出任首相,month,WTY-P30,1994年11月，尼共（联合马列）大选获胜，阿迪卡里当选首相，这是共产党领导人首次担任尼泊尔政府首脑。,yes,middle right,-0.16,no
event_adhikari_resigned,1995-09-01,adhikari,ncp_uml,removal,辞去首相职务,大会党提出的不信任案获通过后辞职,month,WTY-P30,1995年9月，大会党对尼共（联合马列）政府提出不信任案并获议会通过，阿迪卡里辞去首相职务。,yes,middle right,-0.16,no
event_adhikari_death,1999-04-26,adhikari,ncp_uml,death,去世,享年79岁,day,WTY-P30,1999年4月26日，阿迪卡里去世，享年79岁。,yes,middle left,-0.16,no
event_shrestha_founders_meeting,1949-04-22,pushpa_lal_shrestha,ncp_unified,formation,筹建尼共／获推总书记,加尔各答集会推选五人中央委员会；建党日存争议,day,WTY-P27,1924年出生的普什帕·拉尔·什雷斯塔长期流亡印度。1949年4月，他把《共产党宣言》首次翻译成尼泊尔语。4月22日，流亡印度的尼泊尔籍革命者在加尔各答集会，决定成立共产党，推选五人组成中央委员会，什雷斯塔被推选为总书记，并受委托起草党纲。书中指出关于尼共诞生日期存有分歧：一方以4月22日为建党日，另一方以9月15日党纲发布日为准。,yes,middle right,-0.16,yes
event_shrestha_manifesto,1949-09-15,pushpa_lal_shrestha,ncp_unified,formation,发布党纲／宣告正式成立,在加德满都发布其起草的《尼泊尔共产党宣言》,day,WTY-P27,同年9月15日什雷斯塔等人返回祖国，在加德满都组建党的中央组织委员会，通过并发布由总书记什雷斯塔负责起草的《尼泊尔共产党宣言》，确立了武装反抗拉纳政权、在尼泊尔进行反帝反封建斗争的新民主主义革命目标，并宣告尼泊尔共产党正式成立。,yes,middle right,-0.16,no
event_shrestha_1951_elected,1951-09-01,pushpa_lal_shrestha,ncp_unified,election,代表会议再任总书记,尼共首次代表会议选举,month,WTY-P27,1951年9月，尼共在印度加尔各答召开第一次代表会议，大会选举普什帕·拉尔·什雷斯塔为总书记。,no,middle right,-0.16,no
event_shrestha_replaced_1954,1954-01-27,pushpa_lal_shrestha,ncp_unified,leadership,由阿迪卡里接任总书记,尼共一大改组中央领导机关,day,WTY-P28,1954年1月27日至2月1日，尼共在帕坦秘密召开党的第一次全国代表大会。这次大会讨论了党纲，通过若干决议，还改组了中央领导机关。34岁的曼·莫汉·阿迪卡里取代什雷斯塔当选为尼共中央总书记。,yes,middle left,-0.16,no
event_shrestha_guidance_1961,1961-03-01,pushpa_lal_shrestha,ncp_unified,leadership,进入三人指导委员会,与阿迪卡里和沙穆布·拉姆·什雷斯塔共同组成,month,WTY-P30,1961年，尼共在印度达尔班加召开历时一个月的中央委员扩大会议，撤销腊伊玛吉的总书记职务，决定成立由普什帕·拉尔·什雷斯塔、曼·莫汉·阿迪卡里和沙穆布·拉姆·什雷斯塔组成的三人指导委员会。,yes,middle left,-0.16,no
event_shrestha_1962_congress,1962-04-01,pushpa_lal_shrestha,ncp_unified,congress,三大后与阿玛提亚分担领导,亲中派与亲苏派的分歧持续,month,WTY-P31-P32,1962年4月，尼共在印度瓦腊纳西召开三大。大会决定领导全党的职责由阿玛提亚和党的创始人什雷斯塔共同分担；亲苏派主张实行民族革命，亲中派则主张实行人民革命。然而这一做法未能挽救濒临分裂的尼共。,yes,middle left,-0.16,no
event_shrestha_split_1968,1968-01-01,pushpa_lal_shrestha,ncp_pushpa_lal,formation,另建尼共（普·拉）,在印度戈勒克普尔成立新党,year,WTY-P33-P34,1968年，什雷斯塔带领大部分尼共骨干在印度戈勒克普尔成立新党——尼共（普什帕·拉尔），总部仍设在瓦腊纳西。这是尼共的第二次大分裂。什雷斯塔的尼共奉行人民民主革命路线，主张联合大会党共同反对王室政权。,yes,middle right,-0.16,no
event_shrestha_refused_nucleus,1971-01-01,pushpa_lal_shrestha,ncp_pushpa_lal,position,拒绝加入中央核心小组,与辛格等人对联合大会党存在分歧,year,WTY-P33-P34,中央核心小组试图劝说前尼共总书记什雷斯塔加入，但遭到拒绝。什雷斯塔认为只有自己的党才有资格代表尼泊尔共产党，不同意再成立新的中央核心。什雷斯塔主张联合大会党等民主力量共同反对封建专制制度；辛格则坚决反对同大会党合作。,yes,middle left,-0.16,no
event_shrestha_party_splits_1976,1976-01-01,pushpa_lal_shrestha,ncp_pushpa_lal,split,党内出现分裂,纳拉扬·曼·比朱克赫和马丹·库马尔·班达里等人离开,year,WTY-P33-P34,尼共（普什帕·拉尔）成立之初一度是尼泊尔最大的共产党，但到20世纪70年代初党内在革命道路问题上发生分歧，最终于1976年分裂。纳拉扬·曼·比朱克赫脱离后创建尼泊尔工农组织；马丹·库马尔·班达里也带领一部分党员离开，组建解放阵线团体。,yes,middle right,-0.16,no
event_shrestha_death_1978,1978-07-22,pushpa_lal_shrestha,ncp_pushpa_lal,death,去世；普拉丹接管党务,书内第27页脚注给出具体日期,day,WTY-P27,1978年7月22日，什雷斯塔去世。其遗孀萨哈娜·普拉丹接管尼共（普什帕·拉尔）事务。,yes,middle right,-0.16,no
event_singh_joins_congress,1950-01-01,mohan_bikram_singh,nepali_congress,membership,加入尼泊尔大会党,后因父亲遭监禁而改变对该党的看法,year,WTY-P34-P36,莫汉·比克拉姆·辛格1935年4月15日出生于加德满都，童年大部分时光在皮乌坦度过。1950年全家迁回加德满都，他开始系统接触马列主义。1950年他加入尼泊尔大会党，参加1950至1951年争取民主的运动；后来大会党根据拉纳时期的指控将他父亲关进大牢，改变了他对大会党的看法。,yes,middle right,-0.16,yes
event_singh_joins_ncp,1953-01-01,mohan_bikram_singh,ncp_unified,membership,离开大会党／加入尼共,同年在皮乌坦创建地方共产党,year,WTY-P34-P36,1953年辛格离开大会党，加入尼泊尔共产党，并在当年12月创建皮乌坦共产党。他成立以学习马克思主义和革命理论为主的训练中心，约有150人参加，亲自授课，训练课程开设三个月，1954年1月结束。,yes,middle right,0.16,no
event_singh_peasant_action,1954-01-01,mohan_bikram_singh,ncp_unified,action,领导皮乌坦农民斗争,训练班成员帮助农民向地主追索土地,year,WTY-P34-P36,在开设训练班期间，一位当地农民找到辛格，抱怨土地遭地主非法侵占。辛格带领训练班成员前去索要；遭拒后他们在当地群众支持下采取强硬行动。此后当地群众以“耕者有其田”为口号示威，要求地主归还非法占有的土地和财物。1954年，辛格还要求自己的父亲归还不属于他的土地。,no,middle right,0.16,no
event_singh_arrest_1955,1955-01-01,mohan_bikram_singh,ncp_unified,imprisonment,领导农民运动时被捕,被判两年徒刑,month,WTY-P34-P36,1955年1月，警察包围并逮捕正在领导农民运动的辛格和另一位领导人卡古拉尔·古隆，两人很快被判处两年徒刑。狱中的辛格继续斗争，还成功发动帕罗帕监狱暴动。,yes,middle right,0.16,no
event_singh_cc_1957,1957-01-01,mohan_bikram_singh,ncp_unified,election,获释并当选中央委员,书中未注明获释月份,year,WTY-P34-P36,1957年获释后的辛格当选为尼共中央委员。,yes,middle right,0.16,no
event_singh_arrest_1961,1961-01-01,mohan_bikram_singh,ncp_unified,imprisonment,反对评议会制度再度被捕,直到1970年获释,year,WTY-P34-P36,1960年国王宣布一切政党非法。什雷斯塔和阿玛提亚等领导人流亡印度，辛格则留在国内反抗国王的无党派评议会制度。1961年辛格和其他领导人被捕，直到1970年才获释。,yes,middle right,0.16,no
event_singh_central_nucleus,1971-01-01,mohan_bikram_singh,ncp_central_nucleus,formation,组建尼共中央核心小组,与阿迪卡里及沙穆布·拉姆·什雷斯塔合作,year,WTY-P33-P34,1969年出狱的阿迪卡里同沙穆布·拉姆·什雷斯塔、莫汉·比克拉姆·辛格于1971年组建新的尼共中央核心小组，试图整合尼泊尔共产主义运动中的不同党派，恢复历史上统一的尼泊尔共产党。,yes,middle right,-0.16,no
event_singh_nucleus_dissolved,1973-01-01,mohan_bikram_singh,ncp_central_nucleus,dissolution,解散中央核心小组,未能说服普什帕·拉尔·什雷斯塔加入,year,WTY-P34-P36,辛格等人在劝说什雷斯塔无果后，于1973年解散了尼共中央核心小组。失望之余，阿迪卡里和辛格又分别组建自己领导的党。,no,middle right,-0.16,no
event_singh_fourth_congress,1974-09-15,mohan_bikram_singh,ncp_fourth_congress,formation,与尼莫·拉玛创建尼共（四大）,在印度瓦腊纳西成立,day,WTY-P34-P36,1974年9月15日，辛格和尼莫·拉玛在印度瓦腊纳西共同创建尼共（四大）。取名“四大”，是要表明自己是历史上开过三次代表大会的尼共的延续。辛格为党制定强硬路线，主张以毛泽东思想为指导，发动群众开展持久的人民战争。,yes,middle right,-0.16,no
event_singh_expelled_1978,1978-01-01,mohan_bikram_singh,ncp_fourth_congress,expulsion,因嘉尔加腊事件被开除,书中未注明月份,year,WTY-P36-P39,辛格已婚两年后被妻子指称自1974年起与女党员比迪娅·达卡尔有婚外关系。此事引起维迪亚等中央领导人的不满；劝说无效后，1978年中央决定将辛格和达卡尔开除出党。,yes,middle right,-0.16,no
event_singh_return_1981,1981-01-01,mohan_bikram_singh,ncp_fourth_congress,membership,获准返回尼共（四大）,书中未注明月份,year,WTY-P36-P39,1981年达卡尔遭遇车祸身亡后，辛格才被准许返回党内。书中认为这一事件损害了他作为领导人的威望，也是维迪亚后来与他分手的重要因素。,no,middle right,-0.16,no
event_singh_masal_1983,1983-11-01,mohan_bikram_singh,ncp_masal,formation,另建尼共（Masal）,与尼莫·拉玛的路线分歧导致分裂,month,WTY-P36-P39,1983年11月，辛格与追随者召开单独会议，决定离开尼共（四大）另建尼共（Masal）。他与尼莫·拉玛对尼泊尔的主要敌人、对大会党和王室的态度以及对中国路线的评价等存在严重分歧；普什帕·卡玛尔·达哈尔也参与另建新党。,yes,middle right,-0.16,no
event_singh_mashal_split_1985,1985-01-01,mohan_bikram_singh,ncp_masal,split,维迪亚派另建尼共（Mashal）,尼共（Masal）分为辛格少数派与维迪亚多数派,year,WTY-P36-P39,1985年尼共（Masal）召开五大，维迪亚当选总书记。不久维迪亚宣布脱离辛格，在印度戈勒克普尔成立尼共（Mashal）。辛格领导的Masal被称为少数派，维迪亚领导的Mashal被称为多数派。双方在评价贾帕起义、尼共创始人什雷斯塔和武装斗争目标等问题上有分歧。,yes,middle right,-0.16,no
event_singh_unity_2002,2002-04-22,mohan_bikram_singh,ncp_unity_centre_masal,merge,任尼共（团结中心—Masal）总书记,尼共（Masal）与什雷斯塔领导的团结中心合并,day,WTY-P36-P39,2001年12月尼共（Masal）大会决定并入纳拉扬·卡吉·什雷斯塔领导的尼共（团结中心）。2002年4月22日，两党联合组建尼共（团结中心—Masal），辛格担任总书记。,yes,middle right,-0.16,no
event_singh_split_2006,2006-04-01,mohan_bikram_singh,ncp_unity_centre_masal_singh,split,反对加入临时政府／另立同名党,书中脚注仅给出2006年4月恢复民主后的时间范围,uncertain,WTY-P36-P39,2006年4月尼泊尔恢复民主后，尼共（团结中心—Masal）再度分裂。以辛格为首的一派反对加入临时政府，决定脱离“七党联盟”，另立尼共（团结中心—Masal）；余下部分由纳拉扬·卡吉·什雷斯塔任总书记。,yes,middle right,-0.16,no
event_prachanda_joins_fourth,1977-01-01,prachanda,ncp_fourth_congress,membership,加入尼共（四大）,此前在奇塔万成长并曾任中学教师,year,WTY-P39-P43,普拉昌达原名普什帕·卡玛尔·达哈尔，1954年12月11日生于卡斯基县。11岁时全家移居奇塔万，在中学老师启蒙下接触共产主义理论和毛泽东思想。1975年他从农业和动物科学院毕业，获理学学士学位，随后当中学教师。1977年他辞去教师职务，加入辛格领导的尼共（四大）。,yes,middle right,0.16,yes
event_prachanda_student_union,1980-01-01,prachanda,ncp_fourth_congress,leadership,领导革命派学生联盟,书中称该青年组织后来隶属Masal,year,WTY-P39-P43,1980年，普拉昌达领导后来隶属尼共（Masal）的青年组织——全尼自由学生联盟（革命派）。,yes,middle right,0.16,no
event_prachanda_cc_1983,1983-01-01,prachanda,ncp_fourth_congress,election,进入中央委员会,书中未注明具体月份,year,WTY-P39-P43,1983年，普拉昌达被选入中央委员会。,yes,middle right,0.16,no
event_prachanda_masal_1983,1983-11-01,prachanda,ncp_masal,split,随辛格另建尼共（Masal）,离开尼共（四大）,month,WTY-P36-P39,1983年11月，辛格及其追随者召开单独会议，决定离开尼共（四大）另建尼共（Masal）；普什帕·卡玛尔·达哈尔也在参与者之列。,yes,middle right,0.16,no
event_prachanda_mashal_1985,1985-01-01,prachanda,ncp_mashal,membership,转入尼共（Mashal）,尼共（Masal）分裂后加入维迪亚多数派,year,WTY-P39-P43,1985年，普拉昌达脱离尼共（Masal），加入维迪亚领导的尼共（Mashal）。同年Masal五大后，维迪亚带领支持者另立Mashal，形成维迪亚多数派与辛格少数派。,yes,middle right,-0.16,no
event_prachanda_mashal_gs,1989-01-01,prachanda,ncp_mashal,appointment,任尼共（Mashal）总书记,1986年局部事件引发党内批评后发生领导更替,year,WTY-P39-P43,1986年尼共（Mashal）发动未成功的城市武装起义，因暴露党的意图和秘密身份而遭党内高层反对，维迪亚等领导人受到批评。在此背景下，1989年普拉昌达接替维迪亚，担任尼共（Mashal）总书记。,yes,middle right,-0.16,no
event_prachanda_unpm_1990,1990-02-01,prachanda,ncp_mashal,alliance,参与联合国家人民运动,反对王室与温和派的妥协协议,uncertain,WTY-P47-P51,普拉昌达领导的尼共（Mashal）在人民民主运动前夕没有加入左翼联合阵线，而是联合尼共（Masal）及其他左翼激进政党组建联合国家人民运动。该联盟反对大会党和左翼联合阵线同国王达成的协议，要求选举制宪议会制定新宪法。,no,middle right,-0.16,no
event_prachanda_unity_centre_1990,1990-11-19,prachanda,ncp_unity_centre,formation,参与组建尼共（团结中心）,与四大的一支及其他组织合并,day,WTY-P47-P51,1990年11月19日至20日，普拉昌达领导的尼共（Mashal—CC）联合尼莫·拉玛领导的原尼共（四大）的一支、尼泊尔无产阶级工人组织，以及从尼共（Mashal—COC）分化出的一部分，共同组建尼泊尔共产党（团结中心）。,yes,middle right,-0.16,no
event_prachanda_unity_gs_1991,1991-11-01,prachanda,ncp_unity_centre,election,当选团结中心总书记,大会决定持久武装革命路线并转入地下,month,WTY-P47-P51,1991年11月，尼共（团结中心）在奇塔万县马地首次召开代表大会，选举普拉昌达为总书记，决定采取持久的武装革命的新民主主义革命路线，并把党转入地下。,yes,middle right,-0.16,no
event_prachanda_strikes_1992,1992-04-06,prachanda,ncp_unity_centre,protest,全国大罢工后主张农村武装斗争,事件属党组织行动与党内路线变化,day,WTY-P47-P51,尼共（团结中心）提出改善民生的要求，并领导1992年4月6日及5月3日全国大罢工。罢工遭到警察和皇家军队镇压；书中说党内以普拉昌达为首的革命派由此认为，仅靠城市斗争与和平议会斗争不能实现目标，必须发动农村群众，开展持久的人民战争。,no,middle right,-0.16,no
event_prachanda_split_1994,1994-05-01,prachanda,ncp_unity_centre_prachanda,split,与原四大派发生路线分裂,1994年5月后不久另立同名组织；确切月份未载,uncertain,WTY-P47-P51,在武装革命道路问题上，尼莫·拉玛等原“四大”派仍主张俄国式城市革命。经过激烈斗争，1994年5月尼莫·拉玛等人被清除出党；不久普拉昌达和巴特拉伊决定脱离原来的尼共（团结中心），另立一个同名组织。,yes,middle right,-0.16,no
event_prachanda_election_1994,1994-07-01,prachanda,ncp_unity_centre_prachanda,position,反对参加1994年中期选举,与巴特拉伊同持抵制立场,month,WTY-P54-P59,1994年7月议会解散后，人民统一战线内部在是否参加中期选举的问题上分裂。书中记载巴特拉伊同普拉昌达不赞成参加选举，尼·戈·维迪亚等人则主张参选，后者另立一个“人民统一战线”。,no,middle right,-0.16,no
event_prachanda_maoist_1995,1995-03-01,prachanda,ncp_maoist,formation,改名尼共（毛）并任主席,中央委员会第三次扩大会议决定停止议会斗争并准备武装革命,month,WTY-P51-P52,1995年3月，普拉昌达领导的尼共（团结中心）和巴特拉伊领导的尼泊尔人民统一战线联合召开中央委员会第三次扩大会议，决定把党名改为尼泊尔共产党（毛泽东主义者），由普拉昌达担任党主席；会议决定停止议会斗争，准备发动武装革命，并通过《在尼泊尔开展武装斗争的战略与策略》决议。,yes,middle right,,no
event_prachanda_split_2012,2012-06-01,prachanda,unified_ncp_maoist,split,统一尼共（毛）一分为二,普拉昌达领导的组织保留原名；分出组织称尼共—毛,month,WTY-P4,2012年6月，统一尼共（毛）一分为二。普拉昌达领导的党仍称统一尼共（毛），分裂出去的新党取名尼泊尔共产党—毛主义者，简称尼共—毛。当前材料这一段没有点名分裂派领导人。,yes,middle right,0,no
event_baburam_join_fourth,1981-01-01,baburam_bhattarai,ncp_fourth_congress,membership,经尼莫·拉玛介绍加入尼共（四大）,节点同时承载出生、求学和早期政治活动,year,WTY-P52-P59,巴特拉伊1954年6月18日出生于戈尔卡县农民家庭，长期以优异成绩求学，后赴印度学习建筑、城市与区域规划并攻读博士。1977年在印度组织全印度尼泊尔学生联合会，1980年因抗议比兰德拉国王在新德里被捕；1981年经尼莫·拉玛介绍加入尼共（四大）。,yes,middle left,0,yes
event_baburam_masal,1983-11-01,baburam_bhattarai,ncp_masal,formation,参加另建尼共（Masal）,与辛格、维迪亚、普拉昌达等参加单独会议,month,WTY-P36-P43,1983年11月，巴特拉伊参加辛格及其追随者召开的单独会议，离开尼共（四大）并另建尼共（Masal）。,yes,middle left,0,no
event_baburam_fulltime,1986-01-01,baburam_bhattarai,ncp_masal,activity,回国成为全职干部,1986年和1988年两度因反政府活动被捕,year,WTY-P52-P59,巴特拉伊1986年完成学业回国，成为尼共（Masal）全职干部；1986年和1988年先后因反政府活动被捕。,yes,middle left,0,no
event_baburam_front_convener,1991-01-01,baburam_bhattarai,united_peoples_front,formation,任人民统一战线召集人,团结中心联合其他左翼组织组建公开战线,year,WTY-P52-P59,1991年初，尼共（团结中心）联合尼泊尔工农组织和尼共（马列毛）组建尼泊尔人民统一战线，巴特拉伊任召集人。,yes,middle right,0,no
event_baburam_front_rebuilt,1991-08-17,baburam_bhattarai,united_peoples_front,leadership,重建人民统一战线并任主席,部分组织退出后重建,day,WTY-P52-P59,尼泊尔工农组织和尼共（马列毛）退出后，巴特拉伊于1991年8月17日重建尼泊尔人民统一战线并担任主席。,yes,middle right,0,no
event_baburam_local_election,1992-05-01,baburam_bhattarai,united_peoples_front,election,参加地方议会选举,取得少量地方席位,month,WTY-P52-P59,1992年地方议会选举中，人民统一战线获得1个副市长职位、8个市议会席位以及约5%的乡村发展委员会席位。,no,middle right,0,no
event_baburam_boycott,1994-07-01,baburam_bhattarai,united_peoples_front,split,反对参加中期选举,同普拉昌达主张抵制；维迪亚派另立同名战线,month,WTY-P52-P59,1994年议会解散后，巴特拉伊和普拉昌达反对参加中期选举；尼兰詹·戈文达·维迪亚等主张参选并另立一个同名人民统一战线。,yes,middle right,0,no
event_baburam_maoist,1995-03-01,baburam_bhattarai,ncp_maoist,formation,共同建立尼共（毛）,成为仅次于普拉昌达的主要领导人,month,WTY-P51-P52;WTY-P52-P59,1995年3月，巴特拉伊领导的人民统一战线同普拉昌达派团结中心召开中央委员会扩大会议，决定改名尼共（毛）、停止议会斗争并准备武装革命。书中称巴特拉伊此后一直是党内二号领导人。,yes,middle left,0,no
event_amatya_exile,1960-12-01,tulsi_lal_amatya,ncp_unified,background,党禁后转移印度,与其他尼共中央领导人被迫转移,month,WTY-P30,马亨德拉国王废除多党议会制度并宣布政党非法后，阿玛提亚与什雷斯塔等尼共中央领导人被迫转移到印度。,yes,middle right,0.16,yes
event_amatya_gs,1962-04-01,tulsi_lal_amatya,ncp_unified,election,三大当选总书记,提出国家民主革命方案,month,WTY-P30,1962年4月尼共三大通过阿玛提亚提出的国家民主革命方案，并选举他为总书记；大会决定由阿玛提亚和什雷斯塔共同分担领导职责。,yes,middle right,0.16,no
event_amatya_branch,1968-01-01,tulsi_lal_amatya,ncp_amatya,split,什雷斯塔另立后继续领导原组织,该党此后被称为尼共（阿玛提亚）,year,WTY-P32-P34,1968年什雷斯塔带领大部分骨干另立新党后，阿玛提亚继续领导原组织，该党被称为尼共（阿玛提亚），代表亲苏派并逐渐衰落。,yes,middle right,0.16,no
event_amatya_ulf,1989-12-28,tulsi_lal_amatya,ncp_amatya,alliance,参加左翼联合阵线,共同反对王室专制,day,WTY-P33-P34;WTY-P47-P51,尼共（阿玛提亚）参加了旨在结束王室专制的左翼联合阵线；该阵线由七个共产党组织构成。,no,middle right,0.16,no
event_amatya_election,1991-05-12,tulsi_lal_amatya,ncp_amatya,election,议会选举失利,14名候选人均未当选,day,WTY-P33-P34,尼共（阿玛提亚）在议会选举中仅获得少量选票，14名候选人无一当选。,yes,middle right,0.16,no
event_amatya_united,1992-01-01,tulsi_lal_amatya,ncp_united_1991,merge,并入尼共（联合）,与原腊伊玛吉派分支合并,year,WTY-P32-P34,1992年，尼共（阿玛提亚）并入由马南达尔派、布尔玛派等组成的尼共（联合）。,yes,middle right,0.16,no
event_amatya_uml,1994-01-01,tulsi_lal_amatya,ncp_uml,merge,一部分并入尼共（联合马列）,书中仅称在1994年前后,uncertain,WTY-P33-P34,阿玛提亚派在并入尼共（联合）一年后又有成员脱离，并于1994年前后同尼共（普·拉）的两个分支一起并入尼共（联合马列）。,yes,middle right,0.16,no
event_nirmal_fourth,1974-09-15,nirmal_lama,ncp_fourth_congress,formation,与辛格创建尼共（四大）,成为政治局委员,day,WTY-P36-P43,1974年9月15日，尼莫·拉玛与辛格在印度瓦腊纳西创建尼共（四大）；尼莫·拉玛为新党政治局委员。,yes,middle left,0,yes
event_nirmal_gs,1978-01-01,nirmal_lama,ncp_fourth_congress,election,任尼共（四大）总书记,主张总起义并倡导参加评议会选举,year,WTY-P36-P43,1978年，尼莫·拉玛担任尼共（四大）总书记。他主张举行总起义而非持久人民战争，并倡导参加君主专制体制下的选举。,yes,middle left,0,no
event_nirmal_masal_split,1983-11-01,nirmal_lama,ncp_fourth_congress,split,辛格派另建Masal,继续领导尼共（四大）,month,WTY-P36-P43,1983年辛格与尼莫·拉玛在主要敌人、对大会党和王室的态度以及中国路线等问题上发生严重分歧；辛格派另建Masal，尼莫·拉玛继续领导尼共（四大）。,yes,middle left,0,no
event_nirmal_unity,1990-11-19,nirmal_lama,ncp_unity_centre,merge,参与组建尼共（团结中心）,原四大的一支同Mashal等组织合并,day,WTY-P47-P51,1990年11月19日至20日，尼莫·拉玛领导的原尼共（四大）一支同普拉昌达领导的Mashal等组织共同组建尼共（团结中心）。,yes,middle left,0,no
event_nirmal_removed,1994-05-01,nirmal_lama,ncp_unity_centre,split,在路线斗争中被清除,与普拉昌达派围绕城市革命和武装道路发生分裂,uncertain,WTY-P47-P51,在武装革命道路问题上，尼莫·拉玛等原四大派仍主张俄国式城市革命；1994年5月路线斗争后，尼莫·拉玛等人被清除出党，团结中心随后形成两个同名组织。,yes,middle left,0,no
event_vaidya_fourth,1974-09-15,mohan_vaidya,ncp_fourth_congress,leadership,成为尼共（四大）中央委员,书中列入创建时的中央领导层,day,WTY-P36-P43,尼共（四大）1974年成立时，莫汉·维迪亚是中央委员之一，属于该党的早期领导层。,yes,middle right,0,yes
event_vaidya_masal,1983-11-01,mohan_vaidya,ncp_masal,formation,参加另建尼共（Masal）,随辛格等离开尼共（四大）,month,WTY-P36-P43,1983年11月，莫汉·维迪亚参加辛格派单独会议，离开尼共（四大）并另建尼共（Masal）。,yes,middle right,0,no
event_vaidya_gs,1985-01-01,mohan_vaidya,ncp_masal,election,Masal五大当选总书记,随后同辛格分裂,year,WTY-P36-P43,1985年尼共（Masal）召开五大，莫汉·维迪亚当选总书记；不久，他宣布脱离辛格并另立尼共（Mashal）。,yes,middle right,0,no
event_vaidya_mashal,1985-07-01,mohan_vaidya,ncp_mashal,formation,另立尼共（Mashal）,领导被称为多数派的组织,uncertain,WTY-P36-P43,维迪亚领导的Mashal被称为多数派，辛格领导的Masal则被称为少数派；书中没有记载另立的具体月份。,yes,middle right,0,no
event_vaidya_replaced,1989-01-01,mohan_vaidya,ncp_mashal,removal,由普拉昌达接任总书记,此前城市武装行动失败并引发党内批评,year,WTY-P39-P43,1986年Mashal发动的城市武装行动失败，引起党内批评；1989年普拉昌达接替维迪亚担任总书记。,yes,middle right,0,no
event_pradhan_takeover,1978-07-22,sahana_pradhan,ncp_pushpa_lal,leadership,接管尼共（普·拉）党务,什雷斯塔去世后继任,day,WTY-P33,1978年7月22日什雷斯塔去世后，其遗孀萨哈娜·普拉丹接管尼共（普·拉）党务，奉行较温和的中间路线。,yes,middle left,0.16,yes
event_pradhan_movements,1979-04-01,sahana_pradhan,ncp_pushpa_lal,alliance,参与反王室民主运动,同大会党合作,year,WTY-P33,普拉丹领导的尼共（普·拉）同大会党合作，先后参加1979年反评议会制度运动、1980年多党民主运动和1985年群众抗议王权政府运动。,no,middle left,0.16,no
event_pradhan_marxist,1987-01-01,sahana_pradhan,ncp_marxist,merge,组建尼共（马）,同阿迪卡里党的一部分合并,year,WTY-P33,1987年，普拉丹领导的尼共（普·拉）与来自阿迪卡里尼共（统一大会）的一部分合并，组建尼共（马）。,yes,middle left,0.16,no
event_pradhan_ulf,1990-01-15,sahana_pradhan,ncp_marxist,alliance,任左翼联合阵线召集人,联合七个共产党组织反对王室专制,day,WTY-P47-P51,1990年1月左翼联合阵线成立，尼共（马）领导人萨哈娜·普拉丹担任召集人；阵线要求结束国王专政的评议会体制。,yes,middle left,0.16,no
event_pradhan_uml,1991-01-01,sahana_pradhan,ncp_uml,merge,参与组建尼共（联合马列）,尼共（马）同尼共（马列）合并,year,WTY-P30;WTY-P33,1991年初，尼共（马）与尼共（马列）联合组建尼共（联合马列），普拉丹随组织进入新党。,yes,middle left,0.16,no
event_pradhan_split_1998,1998-01-01,sahana_pradhan,ncp_marxist_leninist_1998,split,另组尼共（马列主义者）,联合马列分裂后组建,year,WTY-P33,1998年尼共（联合马列）分裂时，普拉丹与该党一部分党员组建尼共（马列主义者）。,yes,middle left,0,no
event_pradhan_return_2002,2002-01-01,sahana_pradhan,ncp_uml,merge,并回尼共（联合马列）,次年进入中央委员会,year,WTY-P33,2002年尼共（马列主义者）并入尼共（联合马列），2003年普拉丹被选进中央委员会。,yes,middle left,0.16,no
event_pradhan_ca_2008,2008-04-01,sahana_pradhan,ncp_uml,election,当选制宪议会代表,代表尼共（联合马列）,month,WTY-P33,2008年4月，萨哈娜·普拉丹代表尼共（联合马列）当选制宪议会代表。,yes,middle left,0.16,no
event_bhandari_liberation,1976-01-01,madan_bhandari,liberation_front_group,formation,组建解放阵线团体,带领部分党员离开尼共（普·拉）,year,WTY-P33,1976年，学生领袖马丹·库马尔·班达里带领一部分党员离开什雷斯塔领导的尼共（普·拉），组建解放阵线团体。,yes,middle right,0,yes
event_bhandari_coordination,1977-01-01,madan_bhandari,all_nepal_communist_revolutionary_coordination_committee_ml,merge,并入革命协调委员会,后来成为尼共（马列）主要创始人,year,WTY-P33,1977年，解放阵线团体并入全尼泊尔共产主义革命协调委员会（马列主义者）；班达里后来成为尼共（马列）主要创始人之一。原书未载协调委员会改组为尼共（马列）的具体年份。,yes,middle right,0.16,no
event_bhandari_ml_gs,1986-01-01,madan_bhandari,ncp_ml,election,尼共（马列）四大当选总书记,成为党务领导人,year,WTY-P33,1986年，班达里在尼共（马列）四大上当选总书记。,yes,middle right,0.16,no
event_bhandari_ulf,1990-01-15,madan_bhandari,ncp_ml,alliance,参加左翼联合阵线,其党为阵线中最大的共产党,day,WTY-P47-P51,1990年左翼联合阵线成立时，班达里领导的尼共（马列）是参加阵线的最大共产党组织。,no,middle right,0.16,no
event_bhandari_uml,1991-01-01,madan_bhandari,ncp_uml,merge,参与组建联合马列并任总书记,尼共（马列）同尼共（马）合并,year,WTY-P33,1991年初，尼共（马列）与尼共（马）共同组建尼共（联合马列），班达里担任总书记。,yes,middle right,0,no
event_bhandari_death,1993-01-01,madan_bhandari,ncp_uml,death,车祸去世,书中仅记载年份,year,WTY-P33,1993年，年仅41岁的班达里在奇塔万县达什洪发生离奇车祸并去世；书中没有给出具体日期。,yes,middle right,0,no
event_manandhar_conflict,1979-04-01,bishnu_manandhar,ncp_raimajhi,position,要求反对国王专制,同腊伊玛吉发生公开冲突,month,WTY-P32,1979年全国性学潮期间，政治局委员马南达尔要求党参加政治运动、反对国王专制，遭腊伊玛吉反对后公开谴责其为保皇分子。,yes,middle left,0.16,yes
event_manandhar_split,1981-01-01,bishnu_manandhar,ncp_manandhar,formation,另立尼共（马南达尔）,带领大部分党员脱离腊伊玛吉,year,WTY-P32,1981年，马南达尔带领一大部分党员脱离腊伊玛吉，另立尼共（马南达尔）。,yes,middle left,0,no
event_manandhar_democratic,1991-01-01,bishnu_manandhar,ncp_manandhar,renamed,改名尼共（民主派）,议会选举中有两人当选,year,WTY-P32,1991年尼共（马南达尔）改名尼共（民主派），在议会选举中获得2个席位。,yes,middle left,0,no
event_manandhar_united,1991-07-01,bishnu_manandhar,ncp_united_1991,merge,组建尼共（联合）并任总书记,同布尔玛派和阿玛提亚派合并,uncertain,WTY-P32,议会选举两个月后，民主派同尼共（布尔玛）和尼共（阿玛提亚）合并组成尼共（联合），马南达尔任总书记；月份仅为图示定位。,yes,middle left,0,no
event_manandhar_1993,1993-01-01,bishnu_manandhar,ncp_united_1991,split,参选失败后部分合并方离开,继续使用尼共（联合）名称,year,WTY-P32,1993年尼共（联合）参选失败后，布尔玛派和阿玛提亚派的一部分离开并加入联合马列；原马南达尔派继续使用尼共（联合）名称。,yes,middle left,0,no
event_manandhar_end,2005-01-01,bishnu_manandhar,ncp_united_1991,retirement,尼共（联合）停止沿用,书中称后期已无显著政治影响,year,WTY-P32,原马南达尔派沿用尼共（联合）名称到2005年，但书中称这一时期已没有显著政治影响。,yes,middle left,0,no
event_burma_gs,1983-01-01,krishna_raj_burma,ncp_raimajhi,election,与腊伊玛吉同任总书记,同年将腊伊玛吉开除,year,WTY-P32,1983年尼共（腊伊玛吉）五大选举腊伊玛吉和克利须那·瑞吉·布尔玛为总书记；同年布尔玛以腊伊玛吉为保皇分子为由将其开除。,yes,middle right,0.16,yes
event_burma_party,1983-07-01,krishna_raj_burma,ncp_burma,formation,领导尼共（布尔玛）,承接开除腊伊玛吉后的组织,uncertain,WTY-P32,腊伊玛吉被开除后，布尔玛领导的组织被称为尼共（布尔玛）；书中未提供确切另立日期。,yes,middle right,0,no
event_burma_united,1991-07-01,krishna_raj_burma,ncp_united_1991,merge,参与组建尼共（联合）,与民主派和阿玛提亚派合并,uncertain,WTY-P32,1991年，布尔玛派同马南达尔领导的民主派和阿玛提亚派合并，组成尼共（联合）。,yes,middle right,-0.16,no
event_burma_uml,1993-01-01,krishna_raj_burma,ncp_uml,merge,脱离后加入联合马列,尼共（联合）参选失败后转入,year,WTY-P32,1993年尼共（联合）参选失败后，布尔玛派脱离该党并加入尼共（联合马列）。,yes,middle right,0.16,no
event_bijukchhe_split,1971-01-01,narayan_man_bijukchhe,ncp_pushpa_lal,split,脱离尼共（普·拉）,反对什雷斯塔的对外与联合路线,year,WTY-P33-P34,1971年，出生于尼泊尔达布莱宗的年轻领导人纳拉扬·曼·比朱克赫，别名罗希特同志，以反对什雷斯塔支持印度干涉东巴基斯坦、与大会党合作、不谴责苏联帝国主义等为由，脱离什雷斯塔。,yes,middle left,0,yes
event_bijukchhe_workers_org,1976-01-01,narayan_man_bijukchhe,nepal_workers_peasants_org,formation,创建尼泊尔工农组织,势力主要集中在巴克塔布尔,year,WTY-P33-P34,1976年，罗希特创建尼泊尔工农组织。该党势力主要集中在巴克塔布尔。,yes,middle right,0,no
event_bijukchhe_split_1981,1981-01-01,narayan_man_bijukchhe,nepal_workers_peasants_org,split,工农组织一分为二,继续领导其中一支,year,WTY-P33-P34,1981年，该党发生严重分裂，形成两个尼泊尔工农组织，一个仍由罗希特领导，另一个由哈拉姆·夏尔玛领导。,yes,middle right,0,no
event_bijukchhe_ulf,1990-01-15,narayan_man_bijukchhe,nepal_workers_peasants_org,alliance,参加左翼联合阵线,1990年底退出,day,WTY-P47-P51,左翼联合阵线包括罗希特领导的尼泊尔工农组织。1990年底，尼泊尔工农组织以权益遭到忽视为由宣布退出阵线。,no,middle right,0,no
event_bijukchhe_rename,1991-01-01,narayan_man_bijukchhe,nepal_workers_peasants_party,renamed,改名尼泊尔工农党,参加1991年议会选举,year,WTY-P33-P34,1991年，罗希特将党名改为尼泊尔工农党，并参加了当年的议会选举，获1.25%的选票，2名候选人当选议员。,yes,middle right,0,no
event_bijukchhe_election_1999,1999-05-01,narayan_man_bijukchhe,nepal_workers_peasants_party,election,议会选举获1席,获得0.6%的选票,month,WTY-P33-P34,1999年5月，尼泊尔工农党获得0.6%的选票、1个席位。,yes,middle right,0,no
event_bijukchhe_spa,2006-11-01,narayan_man_bijukchhe,nepal_workers_peasants_party,alliance,留在七党联盟,拒绝参加临时政府,month,WTY-P33-P34,2006年11月，尼泊尔工农党还是和谈时七党联盟成员，此后该党拒绝参加临时政府，但仍留在七党联盟内。,yes,middle right,0,no
event_shambhu_guidance,1961-01-01,shambhu_ram_shrestha,ncp_unified,appointment,进入三人指导委员会,中央扩大会议撤销腊伊玛吉职务后成立,year,WTY-P30-P34,1961年，尼共在印度达尔班加召开了历时一个月的中央委员扩大会议，撤销腊伊玛吉的总书记职务，同时决定成立由普·拉·什雷斯塔、曼·莫·阿迪卡里和沙穆布·拉姆·什雷斯塔组成的三人指导委员会。,yes,middle right,0.16,yes
event_shambhu_nucleus,1971-01-01,shambhu_ram_shrestha,ncp_central_nucleus,formation,组建尼共中央核心小组,试图整合各共产党派,year,WTY-P30-P34,1971年，曼·莫汉·阿迪卡里伙同沙穆布·拉姆·什雷斯塔、莫汉·比克拉姆·辛格组建了新的尼共中央核心小组，试图整合尼泊尔共产主义运动中的不同党派，弥合和消除分歧，以求恢复历史上统一的尼泊尔共产党。,yes,middle right,0.16,no
event_shambhu_nucleus_end,1973-01-01,shambhu_ram_shrestha,ncp_central_nucleus,dissolution,中央核心小组解散,未能说服什雷斯塔加入,year,WTY-P34-P36,辛格等人在劝说什雷斯塔无果后，于1973年解散了尼共中央核心小组。,yes,middle right,0.16,no
event_sharma_branch,1999-01-01,dina_nath_sharma,ncp_masal_sharma,formation,另组尼共（Masal）,带领辛格党内一部分人分离,year,WTY-P38-P39,1999年，迪纳·纳特·夏尔玛带领一部分人另组一个尼共（Masal）。,yes,middle left,0,yes
event_sharma_support_maoist,1999-06-01,dina_nath_sharma,ncp_masal_sharma,position,支持尼共（毛）武装斗争,主张联合抵制大选,uncertain,WTY-P38-P39,夏尔玛领导的党声称联合抵制大选，支持已成立的尼共（毛）领导的武装斗争。,no,middle left,0,no
event_sharma_merge,1999-12-31,dina_nath_sharma,ncp_maoist,merge,并入尼共（毛）,书中仅称不久便合并,uncertain,WTY-P38-P39,夏尔玛领导的党不久便与尼共（毛）合并。,yes,middle left,0.16,no
event_narayan_kaji_leads,1994-05-01,narayan_kaji_shrestha,ncp_unity_centre,leadership,领导原尼共（团结中心）,接任日期未载,uncertain,WTY-P47-P51,普拉昌达和巴特拉伊另立同名组织后，原先的尼共（团结中心）后由纳拉扬·卡吉·什雷斯塔领导。,yes,middle right,0.16,yes
event_narayan_kaji_merge,2002-04-22,narayan_kaji_shrestha,ncp_unity_centre_masal,merge,参与组建团结中心—Masal,与辛格领导的Masal合并,day,WTY-P36-P39,2002年4月22日，尼共（Masal）和纳拉扬·卡吉·什雷斯塔领导的尼共（团结中心）联合组建了尼共（团结中心—Masal），辛格担任总书记。,yes,middle right,0.16,no
event_narayan_kaji_gs,2006-04-01,narayan_kaji_shrestha,ncp_unity_centre_masal,election,任保留原党名一派总书记,恢复民主后组织一分为四,uncertain,WTY-P36-P39,2006年4月尼泊尔恢复民主以后，尼共（团结中心—Masal）再度分裂；余下的部分保留原党名，由纳拉扬·卡吉·什雷斯塔任总书记。,yes,middle right,0.16,no
event_narayan_kaji_maoist,2008-12-01,narayan_kaji_shrestha,ncp_unity_centre_masal,merge,并入尼共（毛）,次年初成立统一尼共（毛）,month,WTY-P36-P39,什雷斯塔领导的尼共（团结中心—Masal）在2008年底加入普拉昌达领导的尼共（毛），并于第二年初成立了统一尼共（毛）。,yes,middle right,0.16,no
event_narayan_kaji_unified,2009-01-01,narayan_kaji_shrestha,unified_ncp_maoist,formation,进入统一尼共（毛）,两党合并后的新组织,month,WTY-P36-P39,2009年初，尼共（毛）同什雷斯塔领导的尼共（团结中心—Masal）合并，成立统一尼共（毛）。,yes,middle right,0.16,no
event_niranjan_founder,1949-04-22,niranjan_govinda_vaidya,ncp_unified,formation,进入建党五人中央委员会,参加加尔各答筹建集会,day,WTY-P27,1949年4月22日，尼泊尔籍革命者在印度加尔各答什亚姆集市集会，决定成立共产党，推选普什帕·拉尔·什雷斯塔、纳拉·巴哈杜尔·卡玛查亚、纳拉扬·比拉斯·乔西、尼兰詹·戈文达·维迪亚、穆提·德维等5人组成中央委员会。,yes,middle right,0.16,yes
event_niranjan_front_split,1994-07-14,niranjan_govinda_vaidya,united_peoples_front_vaidya,split,另立人民统一战线,决定参加中期选举,day,WTY-P49-P55,在是否参加选举的问题上，巴特拉伊同普拉昌达不赞成参加选举，而领导人尼兰詹·戈文达·维迪亚等人表示要参加选举。尼·戈·维迪亚带领支持者分离出去，另立了一个人民统一战线。7月14日，他召开会议决定参加选举。,yes,middle left,0,no
event_bp_1947_gs,1947-01-25,bp_koirala,nepal_national_congress,appointment,当选总书记,大会党前身合并改组并确定和平民主路线,day,WTY-P29,1946年10月，长期流亡在印度的尼泊尔人在印度国民大会党的帮助下成立“全印尼泊尔国民大会党”。1947年1月25日，该党决定与其他两个政党合并，去除党名中“全印”二字，并决定以和平方式推翻拉纳政权、在尼泊尔实现民主社会主义。比斯维斯瓦尔·普拉萨德·柯伊拉腊当选总书记。同年他返回比拉德讷格尔发动劳工运动，不久遭到当局逮捕，到第二年才获释。,yes,middle left,-0.24,yes
event_bp_interior,1951-02-18,bp_koirala,nepali_congress,public_office,任联合政府内务部长,拉纳派与大会党代表各占内阁一半,day,WTY-P29;WTY-P30,“德里协议”签订后，1951年2月18日成立由10名大臣组成的联合政府，拉纳家族成员和大会党代表各占一半。拉纳·莫汉·苏姆·谢尔任首相，大会党领导人比·普·柯伊拉腊担任内务部长。,yes,middle left,-0.24,no
event_bp_congress_gs,1951-11-16,bp_koirala,nepali_congress,appointment,接任大会党总书记,兄长马·普·柯伊拉腊出任首相后接任,day,WTY-P30,马·普·柯伊拉腊担任首相后，大会党总书记一职由其弟比·普·柯伊拉腊担任；比·普·柯伊拉腊同时还兼任内务部长。两兄弟在党内和内阁中互相拆台，最终导致内阁垮台。,yes,middle left,-0.24,no
event_bp_prime_minister,1959-05-27,bp_koirala,nepali_congress,public_office,大会党胜选后任首相,尼泊尔短暂的民选议会政府,day,WTY-P29;WTY-P65-P72,大会党赢得1959年选举，比·普·柯伊拉腊任首相，马亨德拉仍为国王。1960年马亨德拉国王解散议会，终止了这一民选政府。,yes,middle left,-0.24,no
event_bp_government_dismissed,1960-12-15,bp_koirala,nepali_congress,government_action,国王解散议会并禁止政党,大会党民选政府被终止,day,WTY-P29;WTY-P65-P72,1960年底马亨德拉国王废除了多党议会选举制度，宣布一切政党非法，从1962年正式实行无党派评议会制度。大会党领导的民选政府由此终止。,yes,middle right,-0.24,no
event_matrika_congress_formation,1950-04-09,matrika_prasad_koirala,nepali_congress,formation,大会党成立／当选总书记,两支大会党合并并转向武装反拉纳路线,day,WTY-P29,1950年4月9日，尼泊尔国民大会党与1948年8月4日从中分裂出来的尼泊尔民主大会党合并成立尼泊尔大会党。会议决定联合尼泊尔一切反抗力量，武力推翻拉纳家族统治；马特里卡·普拉萨德·柯伊拉腊当选总书记。,yes,middle right,0.24,yes
event_matrika_revolution,1950-11-10,matrika_prasad_koirala,nepali_congress,organization_action,发动反拉纳武装革命,大会党占领多地并建立民主自治政权,day,WTY-P29,尼泊尔大会党在得到国王支持后，于1950年11月10日正式发动武装革命。起义者很快占领当—德瓦库里、贾贾科特、凯拉利、堪钱布尔、帕罗帕、戈尔卡、贾帕、丹库塔、博杰布尔等地，并在这些地方成立民主自治政权。,yes,middle right,0.24,no
event_matrika_first_pm,1951-11-16,matrika_prasad_koirala,nepali_congress,public_office,任首相／大会党首次执政,拉纳家族百年统治结束后组阁,day,WTY-P30,特里布文国王联合大会党迫使莫汉·苏姆·谢尔辞职，宣告拉纳家族百年统治历史的终结。1951年11月16日，马·普·柯伊拉腊任首相，大会党首次执政。,yes,middle right,0.24,no
event_matrika_split,1952-01-01,matrika_prasad_koirala,national_democratic_party,split,退出大会党／另组国家民主党,首次内阁垮台后大会党发生分裂,uncertain,WTY-P30,内阁垮台使大会党发生分裂。马·普·柯伊拉腊决定退出大会党，另组国家民主党；国王乘机把政权掌握在自己手里。书中未载这次分裂的具体日期。,yes,middle right,0,no
event_matrika_pm_again,1953-03-01,matrika_prasad_koirala,national_democratic_party,public_office,再次出任首相,国王责成国家民主党领袖重新组阁,month,WTY-P30,特里布文国王责成已是国家民主党领袖的马·普·柯伊拉腊于1953年3月再次担任内阁首相。国家民主党政府不久被解散，国王又责成他重新组建有各政党参加的联合政府。,yes,middle right,0,no
event_matrika_government_end,1954-01-01,matrika_prasad_koirala,national_democratic_party,government_action,联合内阁再度被解散,大会党等政治力量施压,year,WTY-P30,马·普·柯伊拉腊重新组织的联合政府中没有一名大会党成员；在大会党等政治势力施压下，马·普·柯伊拉腊内阁于1954年再度被解散。,yes,middle left,0,no
event_kp_1990_chair,1990-01-18,krishna_prasad_bhattarai,nepali_congress,leadership,以大会党主席身份推动恢复民主,全国代表会议公开批评评议会制度,day,WTY-P43-P47,1990年1月18日，尼泊尔大会党主席克利须那·普拉萨德·巴特拉伊在党的全国代表会议上指出，民主与自由的浪潮正在席卷世界，无党派评议会制度已经遭遇彻底失败。,yes,middle left,-0.18,yes
event_kp_interim_pm,1990-04-16,krishna_prasad_bhattarai,nepali_congress,public_office,组建多党联合临时政府,负责新宪法和议会选举,day,WTY-P46-P47,1990年4月16日，比兰德拉国王废止无党派评议会制度并解散议会，任命大会党主席克·普·巴特拉伊组建多党联合临时政府，负责起草新宪法并在一年内举行多党议会选举。,yes,middle left,-0.18,no
event_kp_india_agreement,1990-06-10,krishna_prasad_bhattarai,nepali_congress,government_action,同印度签订协议／取消贸易禁运,安全事务须预先照会协商,day,WTY-P46-P47,6月10日，临时政府首相克·普·巴特拉伊与印度政府签订协议。印度决定取消一年以来的贸易禁运并开放边界；联合声明同时规定，双方任何一方作出有关安全事务的决定时，必须事先同对方照会并商议。此协定遭到多数民众抗议。,yes,middle right,-0.18,no
event_kp_independent_election,1991-01-01,krishna_prasad_bhattarai,nepali_congress,position,宣布大会党独立参选,未与左翼联合阵线联合参选,month,WTY-P47-P51,1991年1月初，克·普·巴特拉伊宣布大会党将独立参选。大会党的这一决定使仍留在左翼联合阵线并希望与大会党联合参选的尼共（马列）未能如愿。,yes,middle left,-0.18,no
event_kp_anti_girija,1994-11-15,krishna_prasad_bhattarai,nepali_congress,position,成为党内反柯伊拉腊派中心,大会党分裂助推联合马列获胜,day,WTY-P54-P59,大会党内部出现分裂，并得到大会党主席克·普·巴特拉伊为首的反柯伊拉腊派支持，是尼共（联合马列）在1994年中期选举中获胜的重要原因之一。,yes,middle left,-0.18,no
event_gp_1991_pm,1991-05-12,girija_prasad_koirala,nepali_congress,public_office,大会党胜选后任首相,大会党取得110席并组建多数党政府,day,WTY-P49-P55,1991年大选中，大会党赢得39.50%的选票和110个议席，成为第一大党，并组建以吉里贾·普拉萨德·柯伊拉腊为首相的新政府。,yes,middle right,0,yes
event_gp_policy_crisis,1992-01-01,girija_prasad_koirala,nepali_congress,government_action,经济危机与亲印政策引发不满,私有化及未兑现民生承诺受到批评,year,WTY-P49-P55;WTY-P54-P59,大会党政府实行自由放任和私有化政策，对外政策仍然倚仗印度。1992年初尼泊尔出现严重经济危机；书中把经济困境、亲印政策、未兑现改善民生的承诺以及腐败和裙带关系列为民众不满的重要原因。,yes,middle right,0,no
event_gp_resigns_1994,1994-07-10,girija_prasad_koirala,nepali_congress,government_action,辞去首相职务／议会解散,党内分裂和外部压力导致政府倒台,day,WTY-P54-P59,1994年7月10日，吉·普·柯伊拉腊因党内分裂和外部压力被迫辞去首相职务，大会党政府倒台，国王随即解散议会并宣布重新选举。,yes,middle right,0,no
event_gp_spa_government,2006-04-24,girija_prasad_koirala,nepali_congress,public_office,领导七党联盟政府,恢复议会后推进同尼共（毛）的和谈,day,WTY-P181-P205;WTY-P192-P214,2006年七党联盟掌权后，吉·普·柯伊拉腊领导政府同尼共（毛）展开第三次和谈；国王权力被解除，临时宪法把国家元首职能暂交首相行使。,yes,middle right,0,no
event_gp_peace_agreement,2006-11-21,girija_prasad_koirala,nepali_congress,government_action,签署和平协议／推动政治转型,尼共（毛）进入临时议会和临时政府,day,WTY-P192-P214,七党联盟政府同尼共（毛）签署和平协议，尼共（毛）随后进入临时议会并参加临时政府，长期武装冲突由此转入公开政治进程。,yes,middle right,0,no
event_deuba_pm_1995,1995-09-11,sher_bahadur_deuba,nepali_congress,public_office,大会党重新组阁／任首相,联合其他党派通过不信任案后上台,day,WTY-P57-P62,1995年9月10日，大会党联合民族民主党和亲善党通过对阿迪卡里政府的不信任案；9月11日，大会党组成以谢尔·巴哈杜尔·德乌帕为首相的新政府。,yes,middle right,0.18,yes
event_deuba_romeo,1995-11-01,sher_bahadur_deuba,nepali_congress,government_action,发动“罗密欧行动”,以打击恐怖主义为名镇压中西部地区,month,WTY-P57-P62,1995年11月，大会党政府以打击恐怖主义为名，在罗尔帕和鲁孔等中西部山区发动“罗密欧行动”，从加德满都调集1500名警察；约6000人逃离或被驱逐，1000多人遭监禁、判刑或折磨，10多人被打死。,yes,middle right,0.18,no
event_deuba_forty_points,1996-02-04,sher_bahadur_deuba,nepali_congress,government_action,收到“40点要求”,首相办公室接受39条但拒绝废除君主制,day,WTY-P57-P62,1996年2月4日，巴特拉伊以尼泊尔人民统一战线主席身份向德乌帕首相递交有关民族、民主与民生的“40点要求”。德乌帕指派首相办公室应付而本人出访印度；首相办公室原则上同意39条要求，但拒绝废除君主立宪制、建立民主共和国。,yes,middle right,0.18,no
event_niranjan_election,1994-11-15,niranjan_govinda_vaidya,united_peoples_front_vaidya,election,中期选举未获席位,参选失败,day,WTY-P49-P55,1994年11月15日投票结果公布，19个党派竞选失败，未获一席，包括尼·戈·维迪亚领导的人民统一战线。,yes,middle left,0,no
event_madhav_gs,1993-01-01,madhav_kumar_nepal,ncp_uml,election,继任联合马列总书记,班达里去世后接任,year,WTY-P49-P55,1993年1月尼共（联合马列）首次代表大会选举马丹·库马尔·班达里为总书记。班达里当年死于车祸后，马达夫·库马尔·尼帕尔继任总书记，一直到2008年。,yes,middle right,0.16,yes
event_madhav_deputy_pm,1994-11-30,madhav_kumar_nepal,ncp_uml,public_office,任副首相兼国防、外交大臣,阿迪卡里少数派政府,day,WTY-P49-P55,1994年11月30日，曼·莫汉·阿迪卡里宣誓就任尼泊尔首相。尼共总书记尼帕尔任副首相兼国防、外交大臣。,yes,middle right,0.16,no
event_madhav_gs_end,2008-01-01,madhav_kumar_nepal,ncp_uml,leadership,总书记任期结束,书中仅载任至2008年,year,WTY-P49-P55,马达夫·库马尔·尼帕尔在班达里去世后继任总书记，一直到2008年。,yes,middle right,0.16,no
event_badal_sija,1995-03-01,ram_bahadur_thapa,ncp_maoist,leadership,负责组织实施斯—嘉运动,时任中央政治局委员,month,WTY-P58-P59,1995年3月确立在尼泊尔开展武装斗争的战略和策略以后，尼共（毛）更加强了对斯—嘉运动的组织和领导，由尼共（毛）中央政治局委员拉姆·巴哈杜尔·塔帕即巴达尔同志负责组织实施。,yes,middle left,-0.16,yes
event_badal_campaign,1995-06-01,ram_bahadur_thapa,ncp_maoist,activity,开展集中、友谊与民生运动,加强西部地区组织工作,uncertain,WTY-P58-P59,据塔帕介绍，斯—嘉运动内容主要包括集中运动、友谊运动、民生运动等。党在西部地区的总体工作，无论在组织上、政治上，还是在理论上，都在这一过程中得到了加强。,no,middle left,-0.16,no
event_gajurel_masal,1983-11-01,chandra_prasad_gajurel,ncp_masal,formation,参加另建尼共（Masal）,随辛格等离开四大,month,WTY-P36-P43,1983年11月，钱德拉·普拉萨德·高吉尔同辛格、维迪亚、普拉昌达等人召开单独会议，决定离开尼共（四大）另建尼共（Masal）。,yes,middle right,0.16,yes
event_gajurel_mashal,1985-01-01,chandra_prasad_gajurel,ncp_mashal,membership,进入尼共（Mashal）,列为维迪亚多数派主要成员,year,WTY-P36-P43,1985年尼共（Masal）五大后，莫汉·维迪亚宣布脱离辛格并成立尼共（Mashal）；钱德拉·普拉萨德·高吉尔被列为该党的主要成员。,yes,middle right,0.16,no
