stage_id,org_id,label,start_date,end_date,show_boundary,x_offset,related_person_ids
stage_contested,ncp_raimajhi,腊伊玛吉控制的中央,1962-04-01,1966-01-01,no,-0.16,raimajhi
stage_ncp_raimajhi,ncp_raimajhi,尼共（腊伊玛吉）,1966-01-01,1983-07-01,yes,-0.16,raimajhi
stage_new_party,ncp_raimajhi,再次建党,1983-07-01,1986-01-01,yes,-0.16,raimajhi
stage_people_party,ncp_raimajhi,尼泊尔人民党,1991-01-01,1991-05-31,yes,-0.16,raimajhi
stage_manandhar_party,ncp_manandhar,尼共（马南达尔）,1981-01-01,1991-01-01,no,-0.16,bishnu_manandhar
stage_manandhar_democratic,ncp_manandhar,尼共（民主派）,1991-01-01,1991-07-01,yes,-0.16,bishnu_manandhar
stage_manandhar_united,ncp_united_1991,尼共（联合）,1991-07-01,2005-01-01,yes,-0.16,bishnu_manandhar;krishna_raj_burma;tulsi_lal_amatya
stage_pradhan_pushpa_lal,ncp_pushpa_lal,尼共（普·拉）,1968-01-01,1987-01-01,no,-0.16,pushpa_lal_shrestha;sahana_pradhan;narayan_man_bijukchhe;madan_bhandari
stage_pradhan_marxist,ncp_marxist,尼共（马）,1987-01-01,1991-01-01,yes,-0.16,sahana_pradhan;adhikari
stage_rohit_workers_org,nepal_workers_peasants_org,尼泊尔工农组织,1976-01-01,1991-01-01,no,-0.16,narayan_man_bijukchhe
stage_rohit_workers_party,nepal_workers_peasants_party,尼泊尔工农党,1991-01-01,2012-12-31,yes,-0.16,narayan_man_bijukchhe
stage_bhandari_liberation,liberation_front_group,解放阵线团体,1976-01-01,1977-01-01,no,-0.16,madan_bhandari
stage_bhandari_ml,ncp_ml,尼共（马列）,1977-01-01,1991-01-01,yes,-0.16,madan_bhandari
stage_original_unity_centre,ncp_unity_centre,尼共（团结中心）,1990-11-19,1994-05-01,no,-0.16,prachanda;nirmal_lama;baburam_bhattarai;mohan_vaidya
stage_narayan_kaji_unity,ncp_unity_centre,尼共（团结中心）（纳拉扬·卡吉派）,1994-05-01,2002-04-22,yes,-0.16,narayan_kaji_shrestha
stage_narayan_kaji_unity_masal,ncp_unity_centre_masal,尼共（团结中心—Masal）,2002-04-22,2008-12-01,yes,-0.16,narayan_kaji_shrestha;mohan_bikram_singh
stage_prachanda_unity,ncp_unity_centre_prachanda,尼共（团结中心）,1994-05-01,1995-03-01,no,-0.16,prachanda;baburam_bhattarai
stage_prachanda_maoist,ncp_maoist,尼共（毛）,1995-03-01,2009-01-01,yes,-0.16,prachanda;baburam_bhattarai;dina_nath_sharma;ram_bahadur_thapa
stage_prachanda_unified,unified_ncp_maoist,统一尼共（毛）,2009-01-01,2012-12-31,yes,-0.16,prachanda;baburam_bhattarai;narayan_kaji_shrestha;dina_nath_sharma;ram_bahadur_thapa
