relation_id,source_org_id,target_org_id,relation_type,event_date,description,date_precision,source_id,related_person_ids
relation_two_centres,ncp_unified,raimajhi_controlled_central,split,1962-04-01,被三大开除后拒绝处分并继续控制另一中央；书中称实际形成两个中央,month,WTY-P31,raimajhi
relation_raimajhi_formal_centre,raimajhi_controlled_central,ncp_raimajhi,formalized,1966-01-01,腊伊玛吉由控制另一中央转为正式另立中央；1967年另开“三大”,year,WTY-P31,raimajhi
relation_raimajhi_new_party_1983,ncp_raimajhi,raimajhi_new_party_1983,split,1983-07-01,被布尔玛开除后，腊伊玛吉带领追随者另立新党；原书未载正式党名,uncertain,WTY-P32,raimajhi;krishna_raj_burma
relation_manandhar_split,ncp_raimajhi,ncp_manandhar,split,1981-01-01,马南达尔带领一大部分党员脱离并另立尼共（马南达尔）,year,WTY-P32,raimajhi;bishnu_manandhar
relation_adhikari_unity_marxist,ncp_unity_congress,ncp_marxist,merge,1986-01-01,尼共（统一大会）的一部分并入普拉丹领导的组织并组建尼共（马）,year,WTY-P30;WTY-P33,adhikari;sahana_pradhan
relation_adhikari_marxist_uml,ncp_marxist,ncp_uml,merge,1991-01-01,尼共（马）与尼共（马列）联合成立尼共（联合马列）,year,WTY-P30;WTY-P33,adhikari;sahana_pradhan;madan_bhandari
relation_amatya_1968,ncp_unified,ncp_amatya,renamed,1968-01-01,什雷斯塔另立后，阿玛提亚领导的原组织此后被称为尼共（阿玛提亚）,year,WTY-P33-P34,tulsi_lal_amatya
relation_shrestha_1968,ncp_unified,ncp_pushpa_lal,split,1968-01-01,什雷斯塔带领大部分骨干脱离原尼共并另建尼共（普什帕·拉尔）,year,WTY-P33-P34,pushpa_lal_shrestha;tulsi_lal_amatya
relation_fourth_masal,ncp_fourth_congress,ncp_masal,split,1983-11-01,辛格率追随者脱离尼共（四大）另建Masal,month,WTY-P36-P39,mohan_bikram_singh;prachanda;mohan_vaidya;baburam_bhattarai;nirmal_lama;chandra_prasad_gajurel
relation_masal_mashal,ncp_masal,ncp_mashal,split,1985-01-01,维迪亚派脱离辛格领导的Masal另建Mashal；普拉昌达转入后者,year,WTY-P36-P39,mohan_bikram_singh;prachanda;mohan_vaidya;chandra_prasad_gajurel
relation_mashal_unity_centre,ncp_mashal,ncp_unity_centre,merge,1990-11-19,普拉昌达领导的Mashal—CC参与组建尼共（团结中心）,day,WTY-P47-P51,prachanda;mohan_vaidya
relation_fourth_mashal_1990,ncp_fourth_congress,ncp_mashal,partial_merge,1990-11-01,尼共（四大）大部分成员并入尼共（Mashal）；日期按原书所载月份定位,month,WTY-P36-P43,nirmal_lama;prachanda;mohan_vaidya
relation_fourth_unity_centre,ncp_fourth_congress,ncp_unity_centre,partial_merge,1990-11-19,尼共（四大）另有一小部分后来参与组建尼共（团结中心）,uncertain,WTY-P36-P43;WTY-P47-P51,prachanda;nirmal_lama
relation_unity_centre_prachanda,ncp_unity_centre,ncp_unity_centre_prachanda,split,1994-05-01,普拉昌达与巴特拉伊在1994年5月后不久另立同名团结中心；确切日期未载,uncertain,WTY-P47-P51,prachanda;baburam_bhattarai;nirmal_lama
relation_prachanda_maoist,ncp_unity_centre_prachanda,ncp_maoist,renamed,1995-03-01,普拉昌达派团结中心在中央委员会第三次扩大会议上更名尼共（毛）,month,WTY-P51-P52,prachanda;baburam_bhattarai
relation_masal_unity_centre_masal,ncp_masal,ncp_unity_centre_masal,merge,2002-04-22,辛格的Masal与纳拉扬·卡吉·什雷斯塔领导的原团结中心合并,day,WTY-P36-P39,mohan_bikram_singh;narayan_kaji_shrestha
relation_original_unity_centre_masal,ncp_unity_centre,ncp_unity_centre_masal,merge,2002-04-22,原团结中心合并进入团结中心—Masal；不是普拉昌达派,day,WTY-P36-P39,mohan_bikram_singh;narayan_kaji_shrestha
relation_singh_2006,ncp_unity_centre_masal,ncp_unity_centre_masal_singh,split,2006-04-01,2006年4月恢复民主后辛格派另立同名党；具体日期未载,uncertain,WTY-P36-P39,mohan_bikram_singh;narayan_kaji_shrestha
relation_kawa_kumar_2006,ncp_unity_centre_masal,ncp_2006_kawa_kumar,split,2006-04-01,团结中心—Masal四路分裂时，加瓦·库马尔领导的一小部分成立尼泊尔共产党（2006）；具体日期未载,uncertain,WTY-P36-P39,mohan_bikram_singh;narayan_kaji_shrestha
relation_shris_united_2006,ncp_unity_centre_masal,ncp_united_2006,partial_merge,2006-04-01,团结中心—Masal四路分裂时，拉姆·辛格·什里斯领导的一支脱离辛格后加入尼共（统一）；具体日期未载,uncertain,WTY-P36-P39,mohan_bikram_singh;narayan_kaji_shrestha
relation_burma_split,ncp_raimajhi,ncp_burma,split,1983-07-01,布尔玛将腊伊玛吉开除后领导余下组织；具体月份仅为图示定位,uncertain,WTY-P32,raimajhi;krishna_raj_burma
relation_manandhar_united,ncp_manandhar,ncp_united_1991,merge,1991-07-01,尼共（民主派）同布尔玛派和阿玛提亚派组成尼共（联合）,uncertain,WTY-P32,bishnu_manandhar;krishna_raj_burma;tulsi_lal_amatya
relation_burma_united,ncp_burma,ncp_united_1991,merge,1991-07-01,布尔玛派参与组建尼共（联合）,uncertain,WTY-P32,krishna_raj_burma;bishnu_manandhar
relation_amatya_united,ncp_amatya,ncp_united_1991,merge,1992-01-01,阿玛提亚派并入尼共（联合）,year,WTY-P32-P34,tulsi_lal_amatya;bishnu_manandhar
relation_united_uml,ncp_united_1991,ncp_uml,partial_merge,1993-01-01,尼共（联合）参选失败后，布尔玛派和阿玛提亚派的一部分转入联合马列；马南达尔派继续沿用尼共（联合）名称至2005年,year,WTY-P32-P34,krishna_raj_burma;tulsi_lal_amatya;bishnu_manandhar
relation_pushpa_liberation,ncp_pushpa_lal,liberation_front_group,split,1976-01-01,班达里带领部分党员离开并组建解放阵线团体,year,WTY-P33,pushpa_lal_shrestha;madan_bhandari
relation_liberation_coordination,liberation_front_group,all_nepal_communist_revolutionary_coordination_committee_ml,merge,1977-01-01,解放阵线团体并入全尼泊尔共产主义革命协调委员会（马列主义者）,year,WTY-P33,madan_bhandari
relation_coordination_ml,all_nepal_communist_revolutionary_coordination_committee_ml,ncp_ml,formalized,1986-01-01,班达里后来成为尼共（马列）主要创始人；原书未载协调委员会改组为该党的具体年份，本图以1986年尼共（马列）四大作为显示边界,uncertain,WTY-P33,madan_bhandari
relation_pushpa_marxist,ncp_pushpa_lal,ncp_marxist,merge,1987-01-01,普拉丹领导的尼共（普·拉）同统一大会的一部分组建尼共（马）,year,WTY-P33,sahana_pradhan;adhikari;pushpa_lal_shrestha
relation_ml_uml,ncp_ml,ncp_uml,merge,1991-01-01,尼共（马列）与尼共（马）联合组建尼共（联合马列）,year,WTY-P33,madan_bhandari;sahana_pradhan;adhikari
relation_uml_marxist_leninist,ncp_uml,ncp_marxist_leninist_1998,split,1998-01-01,联合马列分裂时普拉丹同一部分党员组建尼共（马列主义者）,year,WTY-P33,sahana_pradhan
relation_marxist_leninist_uml,ncp_marxist_leninist_1998,ncp_uml,merge,2002-01-01,尼共（马列主义者）并回尼共（联合马列）,year,WTY-P33,sahana_pradhan
relation_masal_unity_baburam,ncp_masal,ncp_unity_centre,merge,1991-01-01,巴特拉伊带领Masal一小部分加入普拉昌达领导的团结中心,year,WTY-P36-P39,baburam_bhattarai;mohan_bikram_singh;prachanda
relation_unity_people_front,ncp_unity_centre,united_peoples_front,formalized,1991-01-01,团结中心联合其他左翼组织组建尼泊尔人民统一战线,year,WTY-P52-P59,baburam_bhattarai;prachanda;niranjan_govinda_vaidya
relation_front_maoist,united_peoples_front,ncp_maoist,cofounded,1995-03-01,巴特拉伊领导的政治阵线同普拉昌达派共同建立尼共（毛）；这不是两个共产党之间的整党合并,month,WTY-P51-P52;WTY-P52-P59,baburam_bhattarai;prachanda
relation_pushpa_workers_org,ncp_pushpa_lal,nepal_workers_peasants_org,split,1976-01-01,罗希特1971年脱离什雷斯塔并于1976年创建尼泊尔工农组织,year,WTY-P33-P34,narayan_man_bijukchhe;pushpa_lal_shrestha
relation_workers_org_party,nepal_workers_peasants_org,nepal_workers_peasants_party,renamed,1991-01-01,罗希特将尼泊尔工农组织改名为尼泊尔工农党,year,WTY-P33-P34,narayan_man_bijukchhe
relation_ncp_central_nucleus,ncp_unified,ncp_central_nucleus,formalized,1971-01-01,阿迪卡里、沙穆布·拉姆·什雷斯塔和辛格组建尼共中央核心小组,year,WTY-P30-P34,adhikari;shambhu_ram_shrestha;mohan_bikram_singh
relation_nucleus_fourth_congress,ncp_central_nucleus,ncp_fourth_congress,formalized,1974-09-15,中央核心小组解散后，辛格与尼莫·拉玛另建尼共（四大）并以党名表示延续历史尼共,day,WTY-P34-P36,mohan_bikram_singh;nirmal_lama
relation_masal_sharma,ncp_masal,ncp_masal_sharma,split,1999-01-01,迪纳·纳特·夏尔玛带领一部分人另组尼共（Masal）,year,WTY-P38-P39,dina_nath_sharma;mohan_bikram_singh
relation_sharma_maoist,ncp_masal_sharma,ncp_maoist,merge,1999-12-31,夏尔玛领导的党不久并入尼共（毛）；日期仅为图示定位,uncertain,WTY-P38-P39,dina_nath_sharma
relation_people_front_vaidya,united_peoples_front,united_peoples_front_vaidya,split,1994-07-14,尼兰詹·戈文达·维迪亚带支持者另立同名人民统一战线,day,WTY-P49-P55,niranjan_govinda_vaidya;baburam_bhattarai;prachanda
relation_unity_masal_unified,ncp_unity_centre_masal,unified_ncp_maoist,merge,2008-12-01,什雷斯塔领导的团结中心—Masal于2008年底并入尼共（毛）,month,WTY-P36-P39,narayan_kaji_shrestha;prachanda
relation_national_democratic_congress,nepal_national_congress,nepal_democratic_congress,split,1948-08-04,尼泊尔民主大会党从尼泊尔国民大会党分裂出来,day,WTY-P29,
relation_national_congress_merger,nepal_national_congress,nepali_congress,merge,1950-04-09,尼泊尔国民大会党与尼泊尔民主大会党合并成立尼泊尔大会党,day,WTY-P29,bp_koirala;matrika_prasad_koirala
relation_democratic_congress_merger,nepal_democratic_congress,nepali_congress,merge,1950-04-09,尼泊尔民主大会党同尼泊尔国民大会党合并成立尼泊尔大会党,day,WTY-P29,matrika_prasad_koirala
relation_matrika_national_democratic,nepali_congress,national_democratic_party,split,1952-01-01,马·普·柯伊拉腊退出大会党另组国家民主党；书中未载具体日期,uncertain,WTY-P30,matrika_prasad_koirala
relation_maoist_unified,ncp_maoist,unified_ncp_maoist,renamed,2009-01-01,尼共（毛）与团结中心—Masal合并后于2009年初成立统一尼共（毛）,month,WTY-P36-P39,narayan_kaji_shrestha;prachanda
relation_unified_maoist_split_2012,unified_ncp_maoist,ncp_maoist_2012,split,2012-06-01,统一尼共（毛）一分为二；普拉昌达领导的组织保留原名，分出组织取名尼泊尔共产党—毛主义者（尼共—毛）；当前材料段落未点名分裂派领导人,month,WTY-P4,prachanda
