lane_id,short_name,color,display_order,branch_note
lane_background,背景,#4D4D4D,0,
lane_ncp_unified,尼共,#B22222,1,统一时期
lane_raimajhi,腊伊玛吉谱系,#1F77B4,2,列内4阶段
lane_manandhar,马南达尔谱系,#2CA02C,3,列内3阶段
lane_burma,尼共（布尔玛）,#D95F02,4,
lane_unity_congress,尼共（统一大会）,#9467BD,5,
lane_amatya,尼共（阿玛提亚）,#67708E,6,
lane_pradhan,普拉丹谱系,#C45B94,7,列内2阶段
lane_rohit,罗希特谱系,#E6AB02,8,列内2阶段
lane_bhandari,班达里谱系,#17A589,9,列内2阶段
lane_uml,尼共（联合马列）,#4C78A8,10,
lane_marxist_leninist_1998,尼共（马列主义者）,#80B1D3,11,普拉丹等1998年另组
lane_nepali_congress,大会党,#AA4A5B,12,
lane_central_nucleus,尼共中央核心小组,#6B8E23,13,
lane_fourth_congress,尼共（四大）,#A66A2E,14,
lane_masal,尼共（Masal）,#9C755F,15,辛格领导
lane_masal_sharma,尼共（Masal）,#B07AA1,16,夏尔玛1999年另组
lane_mashal,尼共（Mashal）,#BC7C12,17,
lane_narayan_kaji,纳拉扬·卡吉谱系,#B279A2,18,列内3阶段
lane_prachanda,普拉昌达谱系,#C51B29,19,列内3阶段
lane_people_front,人民统一战线,#FB9A99,20,巴特拉伊派
lane_people_front_vaidya,人民统一战线,#CAB2D6,21,尼·戈·维迪亚派
lane_unity_centre_masal_singh,尼共（团结中心—Masal）,#854F74,22,辛格2006年另立
