lane_id,header_order,label,is_primary
lane_ncp_unified,1,尼共〔统一时期〕,yes
lane_ncp_unified,2,尼共中央核心小组,no
lane_ncp_unified,3,尼共（四大）,no
lane_raimajhi,1,腊伊玛吉控制的中央,no
lane_raimajhi,2,尼共（腊伊玛吉）,yes
lane_raimajhi,3,再次建党,no
lane_raimajhi,4,尼泊尔人民党,no
lane_manandhar,1,尼共（马南达尔）,yes
lane_manandhar,2,尼共（民主派）,no
lane_manandhar,3,尼共（联合）,no
lane_pradhan,1,尼共（普·拉）,yes
lane_pradhan,2,尼共（马）,no
lane_rohit,1,尼泊尔工农组织,no
lane_rohit,2,尼泊尔工农党,yes
lane_bhandari,1,解放阵线团体,no
lane_bhandari,2,尼共（马列）,yes
lane_nepali_congress,1,全印尼泊尔国民大会党,no
lane_nepali_congress,2,尼泊尔国民大会党,no
lane_nepali_congress,3,大会党,yes
lane_narayan_kaji,1,尼共（团结中心）,no
lane_narayan_kaji,2,尼共（团结中心）（纳拉扬·卡吉派）,yes
lane_narayan_kaji,3,尼共（团结中心—Masal）,no
lane_prachanda,1,尼共（团结中心）,no
lane_prachanda,2,尼共（毛）,yes
lane_prachanda,3,统一尼共（毛）,no
