person_id,name_zh,name_zh_full,name_en,name_ne,notes,color,marker_symbol,display_order
adhikari,阿迪卡里,曼·莫汉·阿迪卡里,Man Mohan Adhikari,,据汪亭友书内第28—30页；未以其他来源复核,#0072B2,triangle-up,1
raimajhi,腊伊玛吉,克沙尔·忠格·腊伊玛吉,Keshar Jung Rayamajhi,,本图据汪亭友书内第30—32页；中文全名按原书音译,#D55E00,circle,2
pushpa_lal_shrestha,什雷斯塔,普什帕·拉尔·什雷斯塔,Pushpa Lal Shrestha,,尼共创始人；本图据汪亭友书内第27—34页,#009E73,diamond,3
mohan_bikram_singh,辛格,莫汉·比克拉姆·辛格,Mohan Bikram Singh,,本图据汪亭友书内第34—39页,#CC79A7,square,4
prachanda,普拉昌达,普什帕·卡玛尔·达哈尔（普拉昌达）,Pushpa Kamal Dahal (Prachanda),,本图据汪亭友书内第36—59页,#E69F00,star,5
baburam_bhattarai,巴特拉伊,巴布拉姆·巴特拉伊,Baburam Bhattarai,,本图据汪亭友书内第37及52—59页,#66A61E,star-diamond,6
tulsi_lal_amatya,阿玛提亚,吐尔西·拉尔·阿玛提亚,Tulsi Lal Amatya,,本图据汪亭友书内第30—34页,#56B4E9,cross,7
nirmal_lama,尼莫·拉玛,尼莫·拉玛,Nirmal Lama,,本图据汪亭友书内第36—51页,#A6761D,pentagon,8
mohan_vaidya,莫汉·维迪亚,莫汉·维迪亚,Mohan Vaidya,,本图据汪亭友书内第36—43页；勿与尼兰詹·戈文达·维迪亚混同,#F781BF,hexagon,9
sahana_pradhan,普拉丹,萨哈娜·普拉丹,Sahana Pradhan,,本图据汪亭友书内第33及47页,#999999,triangle-down,10
madan_bhandari,班达里,马丹·库马尔·班达里,Madan Kumar Bhandari,,本图据汪亭友书内第33及47—49页,#1B9E77,diamond-tall,11
bishnu_manandhar,马南达尔,比什努·巴哈杜尔·马南达尔,Bishnu Bahadur Manandhar,,本图据汪亭友书内第32及47页,#7570B3,circle-open,12
krishna_raj_burma,布尔玛,克利须那·瑞吉·布尔玛,Krishna Raj Burma,,本图据汪亭友书内第32及47页,#E7298A,square-open,13
narayan_man_bijukchhe,罗希特,纳拉扬·曼·比朱克赫（罗希特）,Narayan Man Bijukchhe (Rohit),,本图据汪亭友书内第33及47页,#D95F02,triangle-ne,14
shambhu_ram_shrestha,沙穆布·什雷斯塔,沙穆布·拉姆·什雷斯塔,Shambhu Ram Shrestha,,本图据汪亭友书内第30及34页,#1F78B4,triangle-nw,15
dina_nath_sharma,迪纳·纳特·夏尔玛,迪纳·纳特·夏尔玛,Dina Nath Sharma,,本图据汪亭友书内第39页,#B15928,hexagon2,16
narayan_kaji_shrestha,纳拉扬·卡吉·什雷斯塔,纳拉扬·卡吉·什雷斯塔,Narayan Kaji Shrestha,,本图据汪亭友书内第39及51页脚注,#6A3D9A,octagon,17
niranjan_govinda_vaidya,尼·戈·维迪亚,尼兰詹·戈文达·维迪亚,Niranjan Govinda Vaidya,,本图据汪亭友书内第27及54—55页；勿与莫汉·维迪亚及尼兰詹·查帕金混同,#FF7F00,triangle-se,18
madhav_kumar_nepal,尼帕尔,马达夫·库马尔·尼帕尔,Madhav Kumar Nepal,,本图据汪亭友书内第49及55页,#A6CEE3,bowtie,19
ram_bahadur_thapa,巴达尔,拉姆·巴哈杜尔·塔帕（巴达尔）,Ram Bahadur Thapa (Badal),,本图据汪亭友书内第58页,#33A02C,triangle-sw,20
chandra_prasad_gajurel,高吉尔,钱德拉·普拉萨德·高吉尔,Chandra Prasad Gajurel,,本图据汪亭友书内第37—38页,#FB9A99,star-triangle-up,21
bp_koirala,比·普·柯伊拉腊,比斯维斯瓦尔·普拉萨德·柯伊拉腊,Bishweshwar Prasad Koirala (B. P. Koirala),,本图据汪亭友书内第29—30页及相关政府背景叙述,#264653,pentagon,22
matrika_prasad_koirala,马·普·柯伊拉腊,马特里卡·普拉萨德·柯伊拉腊,Matrika Prasad Koirala (M. P. Koirala),,本图据汪亭友书内第29—30页,#2A9D8F,hexagon,23
krishna_prasad_bhattarai,克·普·巴特拉伊,克利须那·普拉萨德·巴特拉伊,Krishna Prasad Bhattarai (K. P. Bhattarai),,本图据汪亭友书内第46—47及59页,#E76F51,hourglass,24
girija_prasad_koirala,吉·普·柯伊拉腊,吉里贾·普拉萨德·柯伊拉腊,Girija Prasad Koirala (G. P. Koirala),,本图据汪亭友书内第53—59页及和平进程相关章节,#8E44AD,circle-cross,25
sher_bahadur_deuba,德乌帕,谢尔·巴哈杜尔·德乌帕,Sher Bahadur Deuba,,本图据汪亭友书内第59—64页,#3A86FF,square-cross,26
