entity_id,name_zh,short_name,entity_type,organization_id,notes
entity_rana_regime,拉纳统治集团,拉纳派,regime,,1846—1951年掌握政府实权的世袭首相集团
entity_shah_monarchy,沙阿王室,王室,monarchy,,国王及其直接控制的宫廷政治力量
entity_nepali_congress,尼泊尔大会党,大会党,party,nepali_congress,
entity_national_democratic_party,国家民主党,国家民主党,party,national_democratic_party,马·普·柯伊拉腊另组政党
entity_nepal_praja_parishad,尼泊尔人民委员会,人民委员会,party,,坦卡·普拉萨德·阿查里亚所属政党；亦译尼泊尔人民议会
entity_united_democratic_party,联合民主党,联合民主党,party,,克·伊·辛格所属政党
entity_independents,无党派人士,无党派人士,group,,不以政党身份入阁者
entity_other_parties_1953,其他参政党派,其他党派,group,,1953—1954年王室任命联合政府中的其他政党
entity_partyless_panchayat,无党派评议会体系,评议会体系,regime,,1960年政变后逐步建立并由王室主导的无党派政治体系
entity_united_left_front,联合左翼阵线,联合左翼阵线,alliance,,1990年人民运动及临时政府中的左翼政党联盟
entity_royal_nominees,王室提名者,王室提名者,group,,1990年临时政府中由国王提名的成员
entity_independent_intellectuals,独立知识界人士,独立人士,group,,1990年临时政府中的无党派知识界成员
entity_ncp_uml,尼泊尔共产党（联合马列）,尼共（联合马列）,party,ncp_uml,
entity_rpp,民族民主党,民族民主党,party,,评议会时期政治人物在多党制恢复后建立的政党
entity_nepal_sadbhavana_party,尼泊尔友爱党,尼泊尔友爱党,party,,主要代表特莱平原马迪西群体的政党
entity_ncp_ml_1998,尼泊尔共产党（马列）,尼共（马列）,party,ncp_marxist_leninist_1998,1998年从联合马列分出的政党
entity_nc_democratic,尼泊尔大会党（民主派）,大会党（民主派）,party,,2002年德乌帕派正式登记的大会党分支
entity_seven_party_alliance,七党联盟,七党联盟,alliance,,反对王室直接统治并在2006年恢复议会的政党联盟
entity_ncp_maoist,尼泊尔共产党（毛主义者）,尼共（毛）,party,ncp_maoist,
entity_unified_ncp_maoist,尼泊尔联合共产党（毛主义者）,统一尼共（毛）,party,unified_ncp_maoist,2009年1月统一后使用的组织名称
entity_mjf_nepal,马迪西人民权利论坛（尼泊尔）,马迪西论坛（尼泊尔）,party,,2008年制宪议会后参加中央政府
entity_mjf_democratic,马迪西人民权利论坛（民主派）,马迪西论坛（民主派）,party,,2009年分裂后参加马达夫·尼帕尔政府
entity_tmlp,特莱—马迪西民主党,特莱—马迪西民主党,party,,马迪西地区政党
entity_madhesi_parties,马迪西政党联盟,马迪西政党,alliance,,多支马迪西政党共同参政时的概括性实体
entity_other_small_parties,其他小党,其他小党,group,,联合政府中未逐一列名的小党
