tenure_id,person_id,org_id,role,start_date,end_date,date_precision,status,source_id,notes,track,line_style,x_offset
adhikari_ncp_gs,adhikari,ncp_unified,尼共中央总书记,1954-01-27,1957-06-01,mixed,uncertain,WTY-P28-P31,1954年尼共一大选举其为总书记；终点按1957年二大会期定位，不代表原书提供了具体卸任日,political,dash,-0.16
raimajhi_ncp_leadership,raimajhi,ncp_unified,中央领导人（1957年起任总书记）,1954-01-01,1961-03-01,mixed,reported,WTY-P31,1954年进入中央委员会；1956年9月任中央执行书记；1957年当选总书记,political,solid,0
raimajhi_contested_centre,raimajhi,ncp_raimajhi,控制另一中央,1962-04-01,1966-01-01,mixed,disputed,WTY-P31,拒绝接受处分及三大合法性；书中称尼共实际形成两个中央,political,dash,0
raimajhi_ncp_raimajhi,raimajhi,ncp_raimajhi,总书记／主要领导人,1966-01-01,1983-07-01,year,reported,WTY-P31-P32,1966年正式另立中央；1967年另开三大；1983年被开除,political,solid,0
raimajhi_post_1983_party,raimajhi,ncp_raimajhi,另立新党并自任总书记,1983-07-01,1986-01-01,year,reported,WTY-P32,1983年被尼共（腊伊玛吉）开除后另立新党；1986年又被该党开除,political,dash,0
raimajhi_people_party,raimajhi,ncp_raimajhi,尼泊尔人民党（社会民主主义）领导人,1991-01-01,1991-05-31,year,reported,WTY-P32,大选前组成；竞选失败后随即解散,political,dash,0
raimajhi_education_minister,raimajhi,ncp_raimajhi,过渡政府教育大臣,1990-01-01,1991-05-31,mixed,reported,WTY-P32,受国王委派并代表国王监督制宪运动,public_office,solid,0
raimajhi_royal_affairs,raimajhi,ncp_raimajhi,皇家事务委员会主席,1991-06-01,2008-01-01,year,uncertain,WTY-P32,起止年份依据段落顺序作图；原书未明确给出任期,public_office,dash,0
adhikari_ncp_unity_congress,adhikari,ncp_unity_congress,创建者／主要领导人,1982-01-01,1986-01-01,year,reported,WTY-P30,1982年创建尼共（统一大会）；1986年该党并入尼共（马）,political,solid,-0.16
adhikari_ncp_uml_chair,adhikari,ncp_uml,党主席,1991-01-01,1993-09-01,month,reported,WTY-P30,1991年1月参与联合成立尼共（联合马列）并当选党主席,political,solid,-0.16
adhikari_ncp_uml_chair_reelected,adhikari,ncp_uml,党主席（1993年再次当选；任期终止时间未载）,1993-09-01,1999-04-26,mixed,uncertain,WTY-P30,原书未说明1993年再次当选后的任期终止时间；线段止于去世日仅为显示边界,political,dash,-0.16
adhikari_pm,adhikari,ncp_uml,尼泊尔首相,1994-11-01,1995-09-01,month,reported,WTY-P30,1994年11月当选；1995年9月辞职,public_office,solid,0.20
shrestha_first_gs,pushpa_lal_shrestha,ncp_unified,首任总书记,1949-04-22,1954-01-27,mixed,reported,WTY-P27,1949年4月筹建集会推选；同年9月发布党纲并宣告正式成立；1951年代表会议再次当选；1954年一大由阿迪卡里接任,political,solid,-0.16
shrestha_amatya_shared_leadership,pushpa_lal_shrestha,ncp_unified,与阿玛提亚分担领导职责,1962-04-01,1968-01-01,mixed,uncertain,WTY-P31-P32,1962年三大决定二人共同分担全党领导职责；1968年什雷斯塔另组政党；结束日期未见确切日,political,dash,-0.16
shrestha_pushpa_lal_party,pushpa_lal_shrestha,ncp_pushpa_lal,创建者／主要领导人,1968-01-01,1978-07-22,mixed,reported,WTY-P27,1968年另建尼共（普什帕·拉尔）；书内第27页脚注明确其领导至1978年7月22日去世,political,solid,-0.16
singh_congress_member,mohan_bikram_singh,nepali_congress,党员／民主运动参与者,1950-01-01,1953-01-01,year,reported,WTY-P34-P36,1950年加入大会党；1953年离开转入尼共,political,solid,-0.16
singh_ncp_member,mohan_bikram_singh,ncp_unified,党员／1957年起为中央委员,1953-01-01,1961-01-01,year,uncertain,WTY-P34-P36,1953年加入尼共；1957年当选中央委员；1961年再次被捕；线段终点仅为这段活跃期的显示边界并非退党日期,political,dash,0.16
singh_central_nucleus,mohan_bikram_singh,ncp_central_nucleus,中央核心小组组织者,1971-01-01,1973-01-01,year,reported,WTY-P33-P34,1971年与阿迪卡里和沙穆布·拉姆·什雷斯塔组建核心小组；1973年解散,political,solid,-0.16
singh_fourth_congress_first,mohan_bikram_singh,ncp_fourth_congress,创建者／主要领导人,1974-09-15,1978-01-01,mixed,reported,WTY-P36-P39,1974年与尼莫·拉玛创建；1978年因嘉尔加腊事件被开除；1978年仅为年份定位,political,solid,-0.16
singh_fourth_congress_return,mohan_bikram_singh,ncp_fourth_congress,重返党内／领导人,1981-01-01,1983-11-01,mixed,reported,WTY-P36-P39,1981年获准返回党内；1983年11月带支持者另建Masal,political,solid,-0.16
singh_masal,mohan_bikram_singh,ncp_masal,创建者／主要领导人,1983-11-01,2002-04-22,mixed,reported,WTY-P36-P39,1983年11月组建；2002年4月22日与尼共（团结中心）联合组建尼共（团结中心—Masal）；期间1985年发生维迪亚派分裂,political,solid,-0.16
singh_unity_centre_masal,mohan_bikram_singh,ncp_unity_centre_masal,总书记,2002-04-22,2006-04-01,mixed,uncertain,WTY-P36-P39,2002年4月22日任总书记；2006年4月恢复民主后该党再次分裂；终点仅按当年4月事件显示不代表卸任日,political,dash,-0.16
prachanda_fourth_congress,prachanda,ncp_fourth_congress,党员／1983年进入中央委员会,1977-01-01,1983-11-01,mixed,reported,WTY-P39-P43,1977年加入辛格领导的尼共（四大）；1983年被选入中央委员会；同年11月随辛格转入Masal,political,solid,0.16
prachanda_masal,prachanda,ncp_masal,中央委员会成员,1983-11-01,1985-01-01,mixed,reported,WTY-P39-P43,1983年随辛格另建Masal；1985年脱离转入Mashal；1985年仅为年份定位,political,solid,0.16
prachanda_mashal,prachanda,ncp_mashal,成员／1989年起任总书记,1985-01-01,1990-11-19,mixed,reported,WTY-P39-P43,1985年加入Mashal；1989年接替维迪亚任总书记；1990年11月19—20日参与组建团结中心,political,solid,-0.16
prachanda_unity_centre,prachanda,ncp_unity_centre,创建者／1991年11月起任总书记,1990-11-19,1994-05-01,mixed,uncertain,WTY-P47-P51,1990年11月19—20日组建；1991年11月当选总书记；1994年5月原四大派被清除后不久另立同名组织；终点只是分支形成时期的显示边界,political,dash,-0.16
prachanda_unity_centre_faction,prachanda,ncp_unity_centre_prachanda,另立同名团结中心的领导人,1994-05-01,1995-03-01,mixed,uncertain,WTY-P47-P51,1994年5月后不久另立同名组织；确切分裂日未载；1995年3月该派改名尼共（毛）,political,dash,-0.16
baburam_fourth_congress,baburam_bhattarai,ncp_fourth_congress,党员,1981-01-01,1983-11-01,mixed,reported,WTY-P52-P59,1981年经尼莫·拉玛介绍加入；1983年11月参加另建Masal,political,solid,0.16
baburam_masal,baburam_bhattarai,ncp_masal,全职干部／主要成员,1983-11-01,1991-01-01,mixed,reported,WTY-P36-P39,参与1983年另建；1986年完成学业回国后成为全职干部；1991年脱离并加入团结中心,political,solid,0.16
baburam_unity_centre,baburam_bhattarai,ncp_unity_centre,主要领导人,1991-01-01,1994-05-01,year,uncertain,WTY-P39-P43,1991年带领Masal一小部分加入；1994年与普拉昌达另立同名组织,political,dash,0.16
baburam_people_front,baburam_bhattarai,united_peoples_front,召集人／主席,1991-01-01,1995-03-01,mixed,reported,WTY-P52-P59,1991年初任召集人；8月17日重建并任主席；1995年与普拉昌达派共同建立尼共（毛）,front,solid,0
baburam_unity_faction,baburam_bhattarai,ncp_unity_centre_prachanda,主要领导人,1994-05-01,1995-03-01,mixed,uncertain,WTY-P47-P51,与普拉昌达另立同名团结中心；确切分裂日未载,political,dash,0.16
baburam_maoist,baburam_bhattarai,ncp_maoist,主要领导人／党内二号领导人,1995-03-01,2012-12-31,mixed,uncertain,WTY-P52-P59,书中称尼共（毛）创立后一直是仅次于普拉昌达的领导人；终点为当前图示边界,political,dash,0.16
amatya_ncp_leadership,tulsi_lal_amatya,ncp_unified,中央领导人,1960-01-01,1962-04-01,mixed,uncertain,WTY-P30,1960年党禁后被迫转移印度；书中未给出进入领导层的确切日期,political,dash,0.16
amatya_unified_leadership,tulsi_lal_amatya,ncp_unified,总书记／共同领导,1962-04-01,1968-01-01,mixed,reported,WTY-P30;WTY-P31-P32,1962年三大当选总书记并与什雷斯塔共同分担全党领导；1968年什雷斯塔另立后原组织才称尼共（阿玛提亚）,political,solid,0.16
amatya_branch_leadership,tulsi_lal_amatya,ncp_amatya,总书记／主要领导人,1968-01-01,1992-01-01,year,reported,WTY-P33-P34,1968年什雷斯塔另立后其党称尼共（阿玛提亚）；1992年并入尼共（联合）,political,solid,0.16
amatya_united,tulsi_lal_amatya,ncp_united_1991,合并方领导人,1992-01-01,1993-01-01,year,uncertain,WTY-P32-P34,1992年阿玛提亚派并入尼共（联合）；一年后部分成员脱离,political,dash,0.16
nirmal_fourth_congress,nirmal_lama,ncp_fourth_congress,创建者／1978年起任总书记,1974-09-15,1990-11-19,mixed,reported,WTY-P36-P43,与辛格共同创建；1978年任总书记；1983年辛格另立Masal后继续领导四大派；1990年参与组建团结中心,political,solid,0
nirmal_unity_centre,nirmal_lama,ncp_unity_centre,创建者／主要领导人,1990-11-19,1994-05-01,mixed,uncertain,WTY-P47-P51,其四大派参与组建团结中心；1994年路线斗争后被清除出党,political,dash,0
vaidya_fourth_congress,mohan_vaidya,ncp_fourth_congress,中央委员,1974-09-15,1983-11-01,mixed,reported,WTY-P36-P43,书中列入四大成立时的中央委员；1983年随辛格另建Masal,political,solid,0.16
vaidya_masal,mohan_vaidya,ncp_masal,领导人／1985年当选总书记,1983-11-01,1985-07-01,mixed,uncertain,WTY-P36-P43,参与另建Masal；1985年五大当选总书记，随后另立Mashal,political,dash,0.16
vaidya_mashal,mohan_vaidya,ncp_mashal,创建者／总书记,1985-07-01,1989-01-01,mixed,uncertain,WTY-P36-P43,1985年另立Mashal；1989年由普拉昌达接任总书记；月份为图示定位,political,dash,0.16
pradhan_pushpa_lal,sahana_pradhan,ncp_pushpa_lal,主要领导人,1978-07-22,1987-01-01,mixed,reported,WTY-P33,什雷斯塔去世后接管党务；1987年同阿迪卡里党的一部分合并组建尼共（马）,political,solid,0.16
pradhan_marxist,sahana_pradhan,ncp_marxist,创建者／主要领导人,1987-01-01,1991-01-01,year,reported,WTY-P33,领导尼共（普·拉）与统一大会一部分合并组建；1991年参与组建联合马列,political,solid,0.16
pradhan_uml_first,sahana_pradhan,ncp_uml,领导成员,1991-01-01,1998-01-01,year,uncertain,WTY-P33,由尼共（马）并入；1998年联合马列分裂后另组尼共（马列主义者）,political,dash,0.16
pradhan_marxist_leninist,sahana_pradhan,ncp_marxist_leninist_1998,创建者／主要领导人,1998-01-01,2002-01-01,year,reported,WTY-P33,与联合马列的一部分党员组建；2002年并回联合马列,political,solid,0
pradhan_uml_return,sahana_pradhan,ncp_uml,中央委员／制宪议会代表,2002-01-01,2008-04-01,mixed,uncertain,WTY-P33,2002年并回；2003年进入中央委员会；2008年4月当选制宪议会代表,political,dash,0.16
bhandari_liberation_front,madan_bhandari,liberation_front_group,创建者／学生领袖,1976-01-01,1977-01-01,year,reported,WTY-P33,带领部分党员离开尼共（普·拉）后组建；1977年并入全尼泊尔共产主义革命协调委员会（马列主义者）,political,solid,0
bhandari_ml,madan_bhandari,ncp_ml,主要创始人／1986年起任总书记,1977-01-01,1991-01-01,year,uncertain,WTY-P33,解放阵线团体1977年并入协调委员会；后来成为尼共（马列）主要创始人之一,political,dash,0.16
bhandari_uml,madan_bhandari,ncp_uml,总书记,1991-01-01,1993-01-01,year,reported,WTY-P33,联合组建联合马列后任总书记；1993年因车祸去世,political,solid,0
manandhar_raimajhi,bishnu_manandhar,ncp_raimajhi,政治局委员,1979-04-01,1981-01-01,mixed,reported,WTY-P32,学潮期间主张反对国王专制并同腊伊玛吉冲突；1981年带领多数党员脱离,political,solid,0.16
manandhar_party,bishnu_manandhar,ncp_manandhar,创建者／总书记,1981-01-01,1991-07-01,mixed,reported,WTY-P32,1981年另立；1991年改名尼共（民主派），随后参与组建尼共（联合）,political,solid,0
manandhar_united,bishnu_manandhar,ncp_united_1991,总书记,1991-07-01,2005-01-01,mixed,uncertain,WTY-P32,民主派同布尔玛派和阿玛提亚派合并；1993年部分合并方离开后继续沿用尼共（联合）名称至2005年,political,dash,0
burma_raimajhi,krishna_raj_burma,ncp_raimajhi,共同总书记,1983-01-01,1983-07-01,year,uncertain,WTY-P32,1983年五大与腊伊玛吉同任总书记，同年将腊伊玛吉开除；月份仅为图示定位,political,dash,0.16
burma_party,krishna_raj_burma,ncp_burma,主要领导人,1983-07-01,1991-07-01,mixed,uncertain,WTY-P32,腊伊玛吉被开除后的组织被称为布尔玛派；1991年参与组建尼共（联合）,political,dash,0
burma_united,krishna_raj_burma,ncp_united_1991,合并方领导人,1991-07-01,1993-01-01,mixed,uncertain,WTY-P32,与民主派和阿玛提亚派合并；1993年参选失败后脱离并加入联合马列,political,dash,-0.16
bijukchhe_workers_org,narayan_man_bijukchhe,nepal_workers_peasants_org,创建者／主要领导人,1976-01-01,1991-01-01,year,reported,WTY-P33-P34,1976年创建尼泊尔工农组织；1981年分裂后继续领导其中一支；1991年改名尼泊尔工农党,political,solid,0
bijukchhe_workers_party,narayan_man_bijukchhe,nepal_workers_peasants_party,主要领导人,1991-01-01,2012-12-31,mixed,uncertain,WTY-P33-P34,1991年改名；书中记载1991年和1999年参选及2006年留在七党联盟；终点为当前图示边界,political,dash,0
shambhu_guidance_committee,shambhu_ram_shrestha,ncp_unified,三人指导委员会成员,1961-01-01,1962-04-01,mixed,uncertain,WTY-P30-P34,1961年中央扩大会议决定成立三人指导委员会；书中未载委员会结束日期，终点按1962年三大定位,political,dash,0.16
shambhu_central_nucleus,shambhu_ram_shrestha,ncp_central_nucleus,组织者,1971-01-01,1973-01-01,year,reported,WTY-P30-P34,1971年与阿迪卡里、辛格组建；1973年解散,political,solid,0.16
sharma_masal_branch,dina_nath_sharma,ncp_masal_sharma,创建者／主要领导人,1999-01-01,1999-12-31,year,uncertain,WTY-P38-P39,1999年带领一部分人另组尼共（Masal）；不久并入尼共（毛），具体月份未载,political,dash,0
sharma_maoist,dina_nath_sharma,ncp_maoist,合并方领导人,1999-12-31,2009-01-01,mixed,uncertain,WTY-P38-P39,夏尔玛领导的党不久与尼共（毛）合并；起点仅为图示定位，书中未载日期和具体党职,political,dash,0.16
narayan_kaji_unity_centre,narayan_kaji_shrestha,ncp_unity_centre,主要领导人,1994-05-01,2002-04-22,mixed,uncertain,WTY-P36-P39;WTY-P47-P51,原团结中心后由其领导；书中未载接任日期，起点按1994年分裂定位；2002年并入Masal,political,dash,0.16
narayan_kaji_unity_masal,narayan_kaji_shrestha,ncp_unity_centre_masal,领导人／2006年起任总书记,2002-04-22,2008-12-01,mixed,uncertain,WTY-P36-P39,2002年参加联合组建；2006年分裂后任保留原党名一派的总书记；2008年底并入尼共（毛）,political,dash,0.16
narayan_kaji_unified_maoist,narayan_kaji_shrestha,unified_ncp_maoist,合并方领导人,2009-01-01,2012-12-31,mixed,uncertain,WTY-P36-P39,其党2008年底并入尼共（毛），2009年初成立统一尼共（毛）；终点为当前图示边界,political,dash,0.16
niranjan_founder,niranjan_govinda_vaidya,ncp_unified,建党中央委员会成员,1949-04-22,1954-01-27,mixed,uncertain,WTY-P27,1949年4月22日被推选为五人中央委员会成员；书中未载任期终点，终点仅按一大定位,political,dash,0.16
niranjan_people_front,niranjan_govinda_vaidya,united_peoples_front_vaidya,创建者／主要领导人,1994-07-14,1994-11-15,mixed,reported,WTY-P49-P55,1994年7月14日决定参选并另立同名人民统一战线；11月中期选举未获席位,front,solid,0
madhav_uml_gs,madhav_kumar_nepal,ncp_uml,总书记,1993-01-01,2008-01-01,year,reported,WTY-P49-P55,班达里1993年去世后继任总书记，任至2008年；书中未载具体交接日期,political,solid,0.16
badal_maoist_pb,ram_bahadur_thapa,ncp_maoist,中央政治局委员／斯—嘉运动负责人,1995-03-01,2009-01-01,mixed,uncertain,WTY-P58-P59,1995年3月后负责组织实施斯—嘉运动；书中未载政治局任期，终点按党名变化定位,political,dash,-0.16
gajurel_masal,chandra_prasad_gajurel,ncp_masal,主要成员,1983-11-01,1985-01-01,mixed,reported,WTY-P36-P43,1983年11月参加另建Masal；1985年转入维迪亚领导的Mashal,political,solid,0.16
gajurel_mashal,chandra_prasad_gajurel,ncp_mashal,主要成员,1985-01-01,1989-01-01,year,uncertain,WTY-P36-P43,书中将其列入1985年Mashal主要成员；终点仅为当前材料中的显示边界,political,dash,0.16
bp_national_congress_gs,bp_koirala,nepal_national_congress,总书记,1947-01-25,1950-04-09,day,reported,WTY-P29,1947年合并改组后当选总书记；1950年两支大会党合并成立尼泊尔大会党,political,solid,-0.24
bp_congress_interior,bp_koirala,nepali_congress,联合政府内务部长,1951-02-18,1951-11-16,mixed,reported,WTY-P29;WTY-P30,德里协议后成立拉纳派与大会党各占一半的联合政府；马·普·柯伊拉腊任首相后结束此段显示,public_office,solid,-0.24
bp_congress_leader,bp_koirala,nepali_congress,总书记／主要领导人,1951-11-16,1960-12-15,mixed,uncertain,WTY-P30;WTY-P65-P72,马·普·柯伊拉腊任首相后接任总书记；1960年国王解散议会并禁止政党,political,dash,-0.24
bp_congress_pm,bp_koirala,nepali_congress,首相,1959-05-27,1960-12-15,mixed,reported,WTY-P29;WTY-P65-P72,大会党赢得1959年选举后任首相；1960年马亨德拉国王解散议会并终止民选政府,public_office,solid,-0.24
matrika_congress_gs,matrika_prasad_koirala,nepali_congress,总书记,1950-04-09,1951-11-16,day,reported,WTY-P29;WTY-P30,1950年大会党成立时当选总书记；任首相后总书记一职由其弟比·普·柯伊拉腊担任,political,solid,0.24
matrika_congress_pm,matrika_prasad_koirala,nepali_congress,首相,1951-11-16,1952-01-01,mixed,uncertain,WTY-P30,1951年11月16日任首相；书中未载首次内阁垮台日期，终点仅为图示定位,public_office,solid,0.24
matrika_national_democratic,matrika_prasad_koirala,national_democratic_party,创建者／领袖,1952-01-01,1955-01-01,year,uncertain,WTY-P30,首次内阁垮台后退出大会党另组国家民主党；1955年该党成为在野党,political,dash,0
matrika_pm_again,matrika_prasad_koirala,national_democratic_party,首相／联合政府首相,1953-03-01,1954-01-01,mixed,reported,WTY-P30,1953年3月再次任首相；其政府被解散后又组织联合政府，1954年内阁再次被解散,public_office,solid,0
kp_congress_chair,krishna_prasad_bhattarai,nepali_congress,大会党主席,1990-01-18,1994-11-15,mixed,uncertain,WTY-P46-P47;WTY-P54-P59,1990年以党主席身份推动恢复民主；1994年书中仍称其为大会党主席,political,dash,-0.18
kp_interim_pm,krishna_prasad_bhattarai,nepali_congress,多党联合临时政府首相,1990-04-16,1991-05-12,mixed,reported,WTY-P46-P47,负责起草新宪法并筹备多党议会选举；终点按1991年大选后新政府成立定位,public_office,solid,-0.18
gp_congress_pm_1991,girija_prasad_koirala,nepali_congress,首相,1991-05-12,1994-07-10,day,reported,WTY-P49-P55;WTY-P54-P59,大会党赢得1991年大选后组阁；1994年7月10日因党内分裂和外部压力辞职,public_office,solid,0
gp_spa_pm,girija_prasad_koirala,nepali_congress,七党联盟政府首相,2006-04-24,2008-05-28,mixed,reported,WTY-P181-P205;WTY-P192-P214,恢复议会后领导七党联盟政府并同尼共（毛）推进和平进程；终点按共和国成立定位,public_office,solid,0
deuba_congress_pm,sher_bahadur_deuba,nepali_congress,首相,1995-09-11,1996-02-13,mixed,uncertain,WTY-P57-P62,1995年9月11日大会党重新组阁后任首相；终点仅显示至人民战争爆发，不代表其实际卸任日期,public_office,dash,0.18
